month,year,station_id,station_name,lat,lng,ebike_start,ebike_end,cbike_start,cbike_end,total_start,total_end,active_days,daily_ebike_start,daily_ebike_end,daily_cbike_start,daily_cbike_end,daily_start,daily_end
11,2021,13042,Michigan Ave & Oak St,41.90086433333333,-87.62379416666667,392,396,608,679,1000,1075,30,13.07,13.2,20.27,22.63,33.33,35.83
11,2021,KA1503000043,Kingsbury St & Kinzie St,41.88913066666667,-87.638437,1181,1132,1483,1402,2664,2534,30,39.37,37.73,49.43,46.73,88.8,84.47
11,2021,TA1305000006,Dearborn St & Monroe St,41.880793,-87.6294585,521,500,808,768,1329,1268,30,17.37,16.67,26.93,25.6,44.3,42.27
11,2021,TA1307000127,Clark St & Grace St,41.950916,-87.65913033333334,360,349,473,469,833,818,30,12.0,11.63,15.77,15.63,27.77,27.27
11,2021,TA1306000003,Desplaines St & Kinzie St,41.888504,-87.64440716666667,820,777,900,799,1720,1576,30,27.33,25.9,30.0,26.63,57.33,52.53
11,2021,TA1309000014,Clark St & Leland Ave,41.9670685,-87.66743816666667,254,248,289,270,543,518,30,8.47,8.27,9.63,9.0,18.1,17.27
11,2021,307,Leamington Ave & Hirsch St,41.91,-87.75,12,6,0,0,12,6,11,1.09,0.55,0.0,0.0,1.09,0.55
11,2021,TA1306000011,Wells St & Walton St,41.899959,-87.6344285,262,232,422,323,684,555,30,8.73,7.73,14.07,10.77,22.8,18.5
11,2021,TA1309000006,Larrabee St & Armitage Ave,41.918084,-87.643749,284,282,331,331,615,613,30,9.47,9.4,11.03,11.03,20.5,20.43
11,2021,604,Sheridan Rd & Noyes St (NU),42.0582,-87.67755283333334,279,280,307,344,586,624,30,9.3,9.33,10.23,11.47,19.53,20.8
11,2021,13157,Aberdeen St & Jackson Blvd,41.87772433333333,-87.6547915,359,345,573,509,932,854,30,11.97,11.5,19.1,16.97,31.07,28.47
11,2021,359,Kilbourn & Belden,41.92,-87.74,30,21,0,0,30,21,16,1.88,1.31,0.0,0.0,1.88,1.31
11,2021,13146,Clark St & Armitage Ave,41.918294,-87.63634366666666,517,506,939,874,1456,1380,30,17.23,16.87,31.3,29.13,48.53,46.0
11,2021,TA1308000050,Wells St & Concord Ln,41.912133,-87.634656,992,996,1135,1184,2127,2180,30,33.07,33.2,37.83,39.47,70.9,72.67
11,2021,13206,Loomis St & Jackson Blvd,41.877945,-87.662007,147,136,346,318,493,454,30,4.9,4.53,11.53,10.6,16.43,15.13
11,2021,TA1309000011,Ellis Ave & 58th St,41.788746,-87.601334,100,95,891,899,991,994,30,3.33,3.17,29.7,29.97,33.03,33.13
11,2021,13008,Millennium Park,41.8810317,-87.62408432,604,606,729,755,1333,1361,30,20.13,20.2,24.3,25.17,44.43,45.37
11,2021,TA1307000158,Damen Ave & Leland Ave,41.967071833333335,-87.67908533333333,149,140,228,171,377,311,30,4.97,4.67,7.6,5.7,12.57,10.37
11,2021,17660,California Ave & Cortez St,41.900363,-87.696704,252,241,81,98,333,339,30,8.4,8.03,2.7,3.27,11.1,11.3
11,2021,TA1307000131,Wabash Ave & Wacker Pl,41.88686516666667,-87.62598633333333,310,296,398,363,708,659,30,10.33,9.87,13.27,12.1,23.6,21.97
11,2021,15545,Burnham Harbor,41.856268,-87.613348,70,69,305,294,375,363,30,2.33,2.3,10.17,9.8,12.5,12.1
11,2021,KA1504000155,2112 W Peterson Ave,41.99116183333334,-87.68355716666667,49,53,14,21,63,74,30,1.63,1.77,0.47,0.7,2.1,2.47
11,2021,TA1307000159,Paulina St & 18th St,41.857901,-87.668745,138,144,125,157,263,301,30,4.6,4.8,4.17,5.23,8.77,10.03
11,2021,13288,Damen Ave & Charleston St,41.920122166666665,-87.678053,182,186,168,181,350,367,30,6.07,6.2,5.6,6.03,11.67,12.23
11,2021,WL-008,Clinton St & Roosevelt Rd,41.8671177825,-87.6410879593,319,329,260,302,579,631,30,10.63,10.97,8.67,10.07,19.3,21.03
11,2021,TA1309000004,LaSalle St & Jackson Blvd,41.878166,-87.631929,505,494,530,492,1035,986,30,16.83,16.47,17.67,16.4,34.5,32.87
11,2021,15445,Wentworth Ave & 33rd St,41.83452988563,-87.6318229814,55,59,134,154,189,213,30,1.83,1.97,4.47,5.13,6.3,7.1
11,2021,TA1308000012,Montrose Harbor,41.963982,-87.638181,95,81,187,158,282,239,29,3.28,2.79,6.45,5.45,9.72,8.24
11,2021,15544,Shedd Aquarium,41.8672815,-87.61527483333333,346,329,403,423,749,752,30,11.53,10.97,13.43,14.1,24.97,25.07
11,2021,13029,Field Museum,41.865293666666666,-87.618081,99,76,167,136,266,212,30,3.3,2.53,5.57,4.53,8.87,7.07
11,2021,TA1305000030,Clark St & Randolph St,41.884576228,-87.63188991,571,533,693,669,1264,1202,30,19.03,17.77,23.1,22.3,42.13,40.07
11,2021,639,Lakefront Trail & Wilson Ave,41.965845,-87.645361,39,31,171,151,210,182,30,1.3,1.03,5.7,5.03,7.0,6.07
11,2021,TA1309000025,Halsted St & Roscoe St,41.94367,-87.64895,637,634,577,571,1214,1205,31,20.55,20.45,18.61,18.42,39.16,38.87
11,2021,13194,Ogden Ave & Race Ave,41.891795,-87.658751,315,329,308,356,623,685,30,10.5,10.97,10.27,11.87,20.77,22.83
11,2021,TA1305000025,Franklin St & Jackson Blvd,41.8777079559,-87.6353211408,526,498,702,655,1228,1153,30,17.53,16.6,23.4,21.83,40.93,38.43
11,2021,KA150400009X,Kimball Ave & Belmont Ave,41.939398,-87.711561,113,106,71,36,184,142,30,3.77,3.53,2.37,1.2,6.13,4.73
11,2021,TA1309000026,Lincoln Ave & Belle Plaine Ave,41.95602766666666,-87.68029233333333,181,185,169,200,350,385,30,6.03,6.17,5.63,6.67,11.67,12.83
11,2021,15650,Spaulding Ave & Armitage Ave,41.91710803478932,-87.71022096276283,97,99,65,82,162,181,29,3.34,3.41,2.24,2.83,5.59,6.24
11,2021,KA1706005015,Kildare Ave & Montrose Ave,41.96108,-87.73569,15,13,27,23,42,36,27,0.56,0.48,1.0,0.85,1.56,1.33
11,2021,KA1504000151,Clark St & Bryn Mawr Ave,41.983593,-87.669154,224,224,248,300,472,524,30,7.47,7.47,8.27,10.0,15.73,17.47
11,2021,LF-005,DuSable Lake Shore Dr & North Blvd,41.911722,-87.626804,282,276,501,509,783,785,30,9.4,9.2,16.7,16.97,26.1,26.17
11,2021,605,University Library (NU),42.052939,-87.673447,120,112,145,159,265,271,29,4.14,3.86,5.0,5.48,9.14,9.34
11,2021,20130,Wentworth Ave & 104th St,41.705307996998194,-87.62921690940857,5,1,1,4,6,5,7,0.71,0.14,0.14,0.57,0.86,0.71
11,2021,KA1504000147,Winchester (Ravenswood) Ave & Balmoral Ave,41.97977166666666,-87.67752033333333,56,61,64,76,120,137,30,1.87,2.03,2.13,2.53,4.0,4.57
11,2021,642,Latrobe Ave & Chicago Ave,41.894632666666666,-87.75687983333333,2,2,4,9,6,11,10,0.2,0.2,0.4,0.9,0.6,1.1
11,2021,16905,Central Ave & Lake St,41.88761466666666,-87.76545116666667,12,11,7,7,19,18,20,0.6,0.55,0.35,0.35,0.95,0.9
11,2021,TA1307000140,Western Ave & Leland Ave,41.966399801840986,-87.68870428204536,232,232,165,211,397,443,30,7.73,7.73,5.5,7.03,13.23,14.77
11,2021,320,Orange & Addison,41.94,-87.82,9,7,0,0,9,7,9,1.0,0.78,0.0,0.0,1.0,0.78
11,2021,15578,Broadway & Ridge Ave,41.984092833333335,-87.66024633333333,176,165,269,236,445,401,30,5.87,5.5,8.97,7.87,14.83,13.37
11,2021,655,Hoyne Ave & Balmoral Ave,41.979851,-87.681932,100,104,44,57,144,161,30,3.33,3.47,1.47,1.9,4.8,5.37
11,2021,TA1309000066,Ravenswood Ave & Lawrence Ave,41.96909,-87.674237,527,501,460,403,987,904,30,17.57,16.7,15.33,13.43,32.9,30.13
11,2021,KA1504000149,Damen Ave & Foster Ave,41.975630333333335,-87.679471,148,161,106,131,254,292,30,4.93,5.37,3.53,4.37,8.47,9.73
11,2021,15655,Albany Ave & Bloomingdale Ave,41.913938,-87.70513933333334,218,222,79,79,297,301,30,7.27,7.4,2.63,2.63,9.9,10.03
11,2021,RP-005,Western Ave & Lunt Ave,42.0086095,-87.69043433333333,63,80,54,73,117,153,30,2.1,2.67,1.8,2.43,3.9,5.1
11,2021,13192,Halsted St & Dickens Ave,41.919936,-87.64883,433,445,479,509,912,954,30,14.43,14.83,15.97,16.97,30.4,31.8
11,2021,13389,Clarendon Ave & Junior Ter,41.96096966666666,-87.64931816666666,231,234,337,324,568,558,30,7.7,7.8,11.23,10.8,18.93,18.6
11,2021,632,Clark St & Newport St,41.94454,-87.654678,483,479,590,580,1073,1059,30,16.1,15.97,19.67,19.33,35.77,35.3
11,2021,TA1307000052,Sheffield Ave & Wellington Ave,41.9361656914064,-87.65160262584686,277,280,511,511,788,791,31,8.94,9.03,16.48,16.48,25.42,25.52
11,2021,15640,Avers Ave & Belmont Ave,41.939441,-87.72359583333333,94,93,36,29,130,122,30,3.13,3.1,1.2,0.97,4.33,4.07
11,2021,TA1307000138,Lincoln Ave & Roscoe St,41.9437911500595,-87.671257853508,298,306,363,359,661,665,30,9.93,10.2,12.1,11.97,22.03,22.17
11,2021,KA1503000071,University Ave & 57th St,41.791478,-87.599861,640,618,2166,2326,2806,2944,30,21.33,20.6,72.2,77.53,93.53,98.13
11,2021,TA1306000015,Morgan St & Lake St,41.8854833079,-87.6523048564,613,634,645,748,1258,1382,30,20.43,21.13,21.5,24.93,41.93,46.07
11,2021,13197,Elizabeth (May) St & Fulton St,41.88657333333333,-87.65845483333334,233,240,167,217,400,457,30,7.77,8.0,5.57,7.23,13.33,15.23
11,2021,TA1307000038,Sedgwick St & North Ave,41.91131416666666,-87.6386425,382,376,617,603,999,979,30,12.73,12.53,20.57,20.1,33.3,32.63
11,2021,13193,Larrabee St & Webster Ave,41.921822,-87.64414,470,452,700,671,1170,1123,30,15.67,15.07,23.33,22.37,39.0,37.43
11,2021,RN-,Franklin St & Illinois St,41.890985,-87.63531716666667,548,522,566,511,1114,1033,30,18.27,17.4,18.87,17.03,37.13,34.43
11,2021,15530,Rush St & Superior St,41.89576474564,-87.6259080327,476,471,683,717,1159,1188,30,15.87,15.7,22.77,23.9,38.63,39.6
11,2021,KA1504000130,Maplewood Ave & Peterson Ave,41.99023602867,-87.6933696402,13,11,18,18,31,29,25,0.52,0.44,0.72,0.72,1.24,1.16
11,2021,TA1309000018,Ravenswood Ave & Berteau Ave,41.957921,-87.673567,138,136,159,168,297,304,30,4.6,4.53,5.3,5.6,9.9,10.13
11,2021,TA1306000010,Daley Center Plaza,41.884241,-87.629634,535,581,720,861,1255,1442,30,17.83,19.37,24.0,28.7,41.83,48.07
11,2021,15621,Albany Ave & Montrose Ave,41.96101433333333,-87.70588583333333,76,74,24,37,100,111,30,2.53,2.47,0.8,1.23,3.33,3.7
11,2021,KA1503000074,Museum of Science and Industry,41.79172820953,-87.583945009,54,56,84,84,138,140,30,1.8,1.87,2.8,2.8,4.6,4.67
11,2021,636,Orleans St & Hubbard St,41.8897645,-87.6363425,309,282,433,382,742,664,30,10.3,9.4,14.43,12.73,24.73,22.13
11,2021,KA1503000007,Cornell Ave & Hyde Park Blvd,41.802406,-87.586924,150,136,363,293,513,429,30,5.0,4.53,12.1,9.77,17.1,14.3
11,2021,570,Evans Ave & 75th St,41.75849,-87.60641,1,1,5,2,6,3,7,0.14,0.14,0.71,0.29,0.86,0.43
11,2021,TA1308000007,MLK Jr Dr & 47th St,41.809851,-87.616279,2,2,17,16,19,18,22,0.09,0.09,0.77,0.73,0.86,0.82
11,2021,13045,Dearborn St & Erie St,41.893929,-87.6298965,912,929,1021,1119,1933,2048,30,30.4,30.97,34.03,37.3,64.43,68.27
11,2021,20251.0,N Carpenter St & W Lake St,41.89,-87.65,74,57,0,0,74,57,19,3.89,3.0,0.0,0.0,3.89,3.0
11,2021,643,Smith Park,41.89202933333333,-87.6893595,92,86,16,26,108,112,30,3.07,2.87,0.53,0.87,3.6,3.73
11,2021,TA1307000120,Green St & Madison St,41.88167883333333,-87.64868916666667,755,786,873,954,1628,1740,30,25.17,26.2,29.1,31.8,54.27,58.0
11,2021,357,Lamon Ave & Armitage Ave,41.92,-87.75,36,23,0,0,36,23,18,2.0,1.28,0.0,0.0,2.0,1.28
11,2021,TA1309000024,Clark St & Schiller St,41.908045,-87.63153133333333,501,465,760,737,1261,1202,30,16.7,15.5,25.33,24.57,42.03,40.07
11,2021,637,Wood St & Chicago Ave,41.8955955,-87.67221366666666,224,206,280,268,504,474,30,7.47,6.87,9.33,8.93,16.8,15.8
11,2021,KA1503000052,Ellis Ave & 53rd St,41.79933626261,-87.6009581145,104,95,413,383,517,478,30,3.47,3.17,13.77,12.77,17.23,15.93
11,2021,SL-005,Indiana Ave & Roosevelt Rd,41.867888,-87.623041,496,502,756,745,1252,1247,30,16.53,16.73,25.2,24.83,41.73,41.57
11,2021,600,Dodge Ave & Church St,42.048308,-87.698224,18,13,29,18,47,31,27,0.67,0.48,1.07,0.67,1.74,1.15
11,2021,KA1503000041,McClurg Ct & Erie St,41.894503,-87.617854,583,578,855,885,1438,1463,30,19.43,19.27,28.5,29.5,47.93,48.77
11,2021,20.0,Damen Ave & Wabansia Ave,41.91,-87.68,130,122,0,0,130,122,29,4.48,4.21,0.0,0.0,4.48,4.21
11,2021,TA1308000036,Indiana Ave & 31st St,41.83878666666666,-87.62186933333334,98,81,214,171,312,252,30,3.27,2.7,7.13,5.7,10.4,8.4
11,2021,374,Kilpatrick Ave & Grand Ave,41.91,-87.74,20,6,0,0,20,6,15,1.33,0.4,0.0,0.0,1.33,0.4
11,2021,13158,Peoria St & Jackson Blvd,41.87758733333333,-87.6494065,418,421,576,591,994,1012,30,13.93,14.03,19.2,19.7,33.13,33.73
11,2021,KA1503000075,DuSable Museum,41.79156801058,-87.6078521774,19,19,53,57,72,76,27,0.7,0.7,1.96,2.11,2.67,2.81
11,2021,13216,State St & 33rd St,41.834734,-87.625813,323,334,663,751,986,1085,30,10.77,11.13,22.1,25.03,32.87,36.17
11,2021,329.0,Central Park Ave & Douglas Blvd,41.86,-87.72,14,9,0,0,14,9,11,1.27,0.82,0.0,0.0,1.27,0.82
11,2021,523,Eastlake Ter & Rogers Ave,42.0208872805206,-87.66505792737007,71,68,62,56,133,124,30,2.37,2.27,2.07,1.87,4.43,4.13
11,2021,TA1309000010,Wabash Ave & 9th St,41.87044016666667,-87.62583433333333,457,462,595,570,1052,1032,30,15.23,15.4,19.83,19.0,35.07,34.4
11,2021,SL-006,Wells St & 19th St,41.856802,-87.633879,43,42,82,97,125,139,29,1.48,1.45,2.83,3.34,4.31,4.79
11,2021,KA17018068,Leavitt St & Belmont Ave,41.939293,-87.68318633333334,146,142,93,93,239,235,30,4.87,4.73,3.1,3.1,7.97,7.83
11,2021,324,Meade Ave & Addison St,41.95,-87.78,28,14,0,0,28,14,22,1.27,0.64,0.0,0.0,1.27,0.64
11,2021,13285,Wood St & Taylor St (Temp),41.86938816666667,-87.673608,238,244,410,322,648,566,30,7.93,8.13,13.67,10.73,21.6,18.87
11,2021,KA1504000156,Clark St & Schreiber Ave,41.99926683333333,-87.67145116666667,89,88,116,111,205,199,30,2.97,2.93,3.87,3.7,6.83,6.63
11,2021,KA1504000142,Drake Ave & Addison St,41.947459333333335,-87.7176405,51,53,32,14,83,67,29,1.76,1.83,1.1,0.48,2.86,2.31
11,2021,13307,Laflin St & Cullerton St,41.854830666666665,-87.6636395,81,68,83,58,164,126,28,2.89,2.43,2.96,2.07,5.86,4.5
11,2021,KA1503000068,Leavitt St & Archer Ave,41.82879201994,-87.6806044594,33,33,17,8,50,41,29,1.14,1.14,0.59,0.28,1.72,1.41
11,2021,SL-012,Wabash Ave & 16th St,41.860384,-87.625813,196,183,373,318,569,501,30,6.53,6.1,12.43,10.6,18.97,16.7
11,2021,KA1504000103,Western Ave & Walton St,41.89842183333333,-87.6866545,226,208,206,177,432,385,30,7.53,6.93,6.87,5.9,14.4,12.83
11,2021,13080,Hermitage Ave & Polk St,41.87159233333333,-87.66989216666667,150,94,299,240,449,334,30,5.0,3.13,9.97,8.0,14.97,11.13
11,2021,356,Lavergne & Fullerton,41.92,-87.75,38,24,0,0,38,24,21,1.81,1.14,0.0,0.0,1.81,1.14
11,2021,TA1305000009,Clark St & Ida B Wells Dr,41.8759326655,-87.6305845355,146,161,275,380,421,541,30,4.87,5.37,9.17,12.67,14.03,18.03
11,2021,13133,Damen Ave & Cortland St,41.915983,-87.677335,326,321,295,334,621,655,30,10.87,10.7,9.83,11.13,20.7,21.83
11,2021,644,Western Ave & Fillmore St,41.86863733333333,-87.68628383333333,404,407,96,98,500,505,30,13.47,13.57,3.2,3.27,16.67,16.83
11,2021,TA1309000001,Halsted St & Maxwell St,41.864883,-87.647071,285,297,351,383,636,680,30,9.5,9.9,11.7,12.77,21.2,22.67
11,2021,TA1305000011,Michigan Ave & Lake St,41.886024,-87.624117,497,483,850,820,1347,1303,30,16.57,16.1,28.33,27.33,44.9,43.43
11,2021,TA1309000007,Franklin St & Monroe St,41.880317,-87.635185,559,555,368,387,927,942,30,18.63,18.5,12.27,12.9,30.9,31.4
11,2021,13265,Kingsbury St & Erie St,41.8938425,-87.64182,637,593,738,657,1375,1250,30,21.23,19.77,24.6,21.9,45.83,41.67
11,2021,KA1503000065,Woodlawn Ave & Lake Park Ave,41.81409271048,-87.5970051479,26,26,52,57,78,83,30,0.87,0.87,1.73,1.9,2.6,2.77
11,2021,TA1307000124,Michigan Ave & 14th St,41.864059,-87.623727,294,304,415,433,709,737,30,9.8,10.13,13.83,14.43,23.63,24.57
11,2021,13259,California Ave & Francis Pl (Temp),41.91858583333333,-87.69755833333333,110,98,76,67,186,165,30,3.67,3.27,2.53,2.23,6.2,5.5
11,2021,TA1307000130,Morgan St & Polk St,41.871737,-87.65103,353,367,588,722,941,1089,30,11.77,12.23,19.6,24.07,31.37,36.3
11,2021,13028,900 W Harrison St,41.874754,-87.649807,319,320,578,553,897,873,30,10.63,10.67,19.27,18.43,29.9,29.1
11,2021,13253,Lincoln Ave & Waveland Ave,41.948797,-87.675278,111,122,149,138,260,260,30,3.7,4.07,4.97,4.6,8.67,8.67
11,2021,KA1503000072,Wacker Dr & Washington St,41.88314883333334,-87.63709216666666,336,313,418,356,754,669,30,11.2,10.43,13.93,11.87,25.13,22.3
11,2021,KA1504000133,Rush St & Cedar St,41.9023885,-87.6278285,519,521,551,551,1070,1072,30,17.3,17.37,18.37,18.37,35.67,35.73
11,2021,TA1307000134,Wilton Ave & Belmont Ave,41.94018,-87.65304,639,628,870,818,1509,1446,30,21.3,20.93,29.0,27.27,50.3,48.2
11,2021,331,Halsted St & Clybourn Ave,41.909659833333336,-87.64813416666667,526,544,579,640,1105,1184,30,17.53,18.13,19.3,21.33,36.83,39.47
11,2021,TA1307000070,Damen Ave & Thomas St (Augusta Blvd),41.90133016666667,-87.67738433333334,280,255,277,239,557,494,30,9.33,8.5,9.23,7.97,18.57,16.47
11,2021,13278,Broadway & Cornelia Ave,41.945534333333335,-87.64639366666667,410,383,664,588,1074,971,30,13.67,12.77,22.13,19.6,35.8,32.37
11,2021,TA1307000151,Wells St & Hubbard St,41.889906,-87.634266,734,729,899,915,1633,1644,30,24.47,24.3,29.97,30.5,54.43,54.8
11,2021,TA1306000007,Larrabee St & Menomonee St,41.91468,-87.64332,130,116,267,205,397,321,30,4.33,3.87,8.9,6.83,13.23,10.7
11,2021,KA1504000090,St. Louis Ave & Fullerton Ave,41.92496483333333,-87.71448783333334,112,108,46,61,158,169,30,3.73,3.6,1.53,2.03,5.27,5.63
11,2021,537,Kenton Ave & Madison St,41.880708,-87.741018,0,0,2,3,2,3,4,0.0,0.0,0.5,0.75,0.5,0.75
11,2021,TA1306000016,Sheffield Ave & Fullerton Ave,41.9254955,-87.65377316666667,688,676,1016,906,1704,1582,30,22.93,22.53,33.87,30.2,56.8,52.73
11,2021,KA1504000080,Washtenaw Ave & Lawrence Ave,41.968987,-87.696027,108,104,55,49,163,153,30,3.6,3.47,1.83,1.63,5.43,5.1
11,2021,18003,Fairbanks St & Superior St,41.895748,-87.620104,341,309,331,339,672,648,30,11.37,10.3,11.03,11.3,22.4,21.6
11,2021,TA1307000149,Ravenswood Ave & Irving Park Rd,41.95469,-87.67393,120,112,155,191,275,303,30,4.0,3.73,5.17,6.37,9.17,10.1
11,2021,13109,Broadway & Berwyn Ave,41.978353,-87.659753,260,254,244,268,504,522,30,8.67,8.47,8.13,8.93,16.8,17.4
11,2021,TA1308000047,Southport Ave & Clark St,41.957081,-87.664199,72,62,110,88,182,150,29,2.48,2.14,3.79,3.03,6.28,5.17
11,2021,WL-011,Jefferson St & Monroe St,41.87944694735652,-87.64268159866333,206,188,344,299,550,487,30,6.87,6.27,11.47,9.97,18.33,16.23
11,2021,20254.0,W Armitage Ave & N Sheffield Ave,41.92,-87.65,150,140,0,0,150,140,29,5.17,4.83,0.0,0.0,5.17,4.83
11,2021,15646,California Ave & Altgeld St,41.92666116666667,-87.697829,153,157,50,63,203,220,30,5.1,5.23,1.67,2.1,6.77,7.33
11,2021,TA1307000150,Pine Grove Ave & Waveland Ave,41.94947274088333,-87.64645278453827,343,334,588,578,931,912,30,11.43,11.13,19.6,19.27,31.03,30.4
11,2021,TA1306000002,Morgan Ave & 14th Pl,41.862378,-87.651062,108,111,170,170,278,281,29,3.72,3.83,5.86,5.86,9.59,9.69
11,2021,13256,California Ave & Division St,41.90301083333333,-87.69748566666667,132,129,82,70,214,199,30,4.4,4.3,2.73,2.33,7.13,6.63
11,2021,13221,Wood St & Milwaukee Ave,41.90769483333333,-87.67256216666667,490,500,371,409,861,909,30,16.33,16.67,12.37,13.63,28.7,30.3
11,2021,TA1306000009,Larrabee St & Kingsbury St,41.897763,-87.643163,624,612,642,630,1266,1242,30,20.8,20.4,21.4,21.0,42.2,41.4
11,2021,KA1504000116,Larrabee St & Oak St,41.90019633333333,-87.64300916666667,253,255,281,330,534,585,30,8.43,8.5,9.37,11.0,17.8,19.5
11,2021,13294,Greenview Ave & Diversey Pkwy,41.93258963429789,-87.66593635082245,190,187,220,235,410,422,30,6.33,6.23,7.33,7.83,13.67,14.07
11,2021,13224,Ashland Ave & Blackhawk St,41.907066,-87.667252,281,280,262,277,543,557,30,9.37,9.33,8.73,9.23,18.1,18.57
11,2021,TA1306000008,Larrabee St & North Ave,41.91021,-87.6435,180,165,216,171,396,336,30,6.0,5.5,7.2,5.7,13.2,11.2
11,2021,13137,Broadway & Barry Ave,41.937582,-87.644098,599,597,936,998,1535,1595,30,19.97,19.9,31.2,33.27,51.17,53.17
11,2021,TA1305000037,Paulina Ave & North Ave,41.90985465216731,-87.66993016004562,231,234,256,234,487,468,30,7.7,7.8,8.53,7.8,16.23,15.6
11,2021,527,Western Ave & Howard St,42.0189735,-87.68999266666667,40,48,17,19,57,67,30,1.33,1.6,0.57,0.63,1.9,2.23
11,2021,TA1309000021,Paulina St & Montrose Ave,41.96149716666667,-87.671451,102,94,112,83,214,177,30,3.4,3.13,3.73,2.77,7.13,5.9
11,2021,549,Marshfield Ave & 44th St,41.813996,-87.666589,26,25,7,9,33,34,27,0.96,0.93,0.26,0.33,1.22,1.26
11,2021,546,Damen Ave & Pershing Rd,41.823219,-87.67662083333333,14,14,6,16,20,30,24,0.58,0.58,0.25,0.67,0.83,1.25
11,2021,13084,California Ave & Milwaukee Ave,41.922695,-87.697153,455,441,224,202,679,643,30,15.17,14.7,7.47,6.73,22.63,21.43
11,2021,13323,Broadway & Sheridan Rd,41.952833,-87.649993,324,322,479,449,803,771,30,10.8,10.73,15.97,14.97,26.77,25.7
11,2021,13345,Calumet Ave & 35th St,41.831379,-87.618034,45,38,100,113,145,151,30,1.5,1.27,3.33,3.77,4.83,5.03
11,2021,15664,Artesian Ave & Hubbard St,41.8895335,-87.68834016666666,229,163,66,56,295,219,30,7.63,5.43,2.2,1.87,9.83,7.3
11,2021,20131,Cottage Grove Ave & 111th Pl,41.691740333333335,-87.609949,19,7,1,1,20,8,10,1.9,0.7,0.1,0.1,2.0,0.8
11,2021,13139,Throop St & Taylor St,41.868968,-87.659141,169,150,377,341,546,491,30,5.63,5.0,12.57,11.37,18.2,16.37
11,2021,SL-009,Clark St & 9th St (AMLI),41.870816,-87.631246,171,144,248,211,419,355,30,5.7,4.8,8.27,7.03,13.97,11.83
11,2021,13074,Broadway & Wilson - Truman College Vaccination Site,41.9651225,-87.65836316666666,301,304,325,356,626,660,30,10.03,10.13,10.83,11.87,20.87,22.0
11,2021,15575,Broadway & Thorndale Ave,41.98974251144,-87.6601406209,156,152,175,180,331,332,30,5.2,5.07,5.83,6.0,11.03,11.07
11,2021,13001,Michigan Ave & Washington St,41.8838285,-87.62425666666667,564,552,921,920,1485,1472,30,18.8,18.4,30.7,30.67,49.5,49.07
11,2021,15686,Kedzie Ave & 21st St,41.85353363213,-87.7050730318,11,10,12,13,23,23,20,0.55,0.5,0.6,0.65,1.15,1.15
11,2021,TA1309000037,Kimbark Ave & 53rd St,41.799568,-87.594747,313,305,762,791,1075,1096,31,10.1,9.84,24.58,25.52,34.68,35.35
11,2021,KA1503000015,Wabash Ave & Adams St,41.87947235235,-87.6256886059,262,260,409,378,671,638,30,8.73,8.67,13.63,12.6,22.37,21.27
11,2021,661,Evanston Civic Center,42.056986,-87.68664583333333,73,71,59,38,132,109,29,2.52,2.45,2.03,1.31,4.55,3.76
11,2021,15529,Mies van der Rohe Way & Chestnut St,41.898845,-87.62266583333333,375,370,721,662,1096,1032,31,12.1,11.94,23.26,21.35,35.35,33.29
11,2021,13191,Sedgwick St & Webster Ave,41.922167,-87.638888,421,407,573,509,994,916,31,13.58,13.13,18.48,16.42,32.06,29.55
11,2021,TA1309000032,Elston Ave & Wabansia Ave,41.912919,-87.664169,88,96,107,105,195,201,30,2.93,3.2,3.57,3.5,6.5,6.7
11,2021,13379,Clarendon Ave & Gordon Ter,41.95786652415174,-87.64950513839722,385,368,461,429,846,797,30,12.83,12.27,15.37,14.3,28.2,26.57
11,2021,520,Greenview Ave & Jarvis Ave,42.015962,-87.66857,74,85,101,114,175,199,30,2.47,2.83,3.37,3.8,5.83,6.63
11,2021,594,Western Blvd & 48th Pl,41.805661,-87.683392,9,7,6,9,15,16,18,0.5,0.39,0.33,0.5,0.83,0.89
11,2021,KA1504000109,Washtenaw Ave & Ogden Ave,41.86193049278259,-87.69345045089722,20,20,28,28,48,48,27,0.74,0.74,1.04,1.04,1.78,1.78
11,2021,TA1309000030,Southport Ave & Clybourn Ave,41.920771,-87.663712,331,339,272,316,603,655,30,11.03,11.3,9.07,10.53,20.1,21.83
11,2021,15692,California Ave & 26th St,41.84410333333334,-87.695443,18,19,7,10,25,29,24,0.75,0.79,0.29,0.42,1.04,1.21
11,2021,16918,Austin Blvd & Madison St,41.88026533333333,-87.774504,17,17,9,5,26,22,20,0.85,0.85,0.45,0.25,1.3,1.1
11,2021,TA1309000061,Halsted St & Wrightwood Ave,41.929219333333336,-87.64915683333334,407,409,647,663,1054,1072,30,13.57,13.63,21.57,22.1,35.13,35.73
11,2021,E008,Chicago Ave & Sheridan Rd,42.0504975,-87.67778566666667,192,190,207,190,399,380,30,6.4,6.33,6.9,6.33,13.3,12.67
11,2021,TA1305000005,Dearborn St & Adams St,41.878476166666665,-87.6290635,235,225,461,488,696,713,30,7.83,7.5,15.37,16.27,23.2,23.77
11,2021,16010,Keystone Ave & Fullerton Ave,41.92459,-87.72785,36,38,16,17,52,55,28,1.29,1.36,0.57,0.61,1.86,1.96
11,2021,KA1503000059,Lake Park Ave & 53rd St,41.79949429373,-87.5864498959,92,87,229,291,321,378,30,3.07,2.9,7.63,9.7,10.7,12.6
11,2021,TA1309000002,Michigan Ave & Jackson Blvd,41.87785,-87.62408,203,193,361,319,564,512,30,6.77,6.43,12.03,10.63,18.8,17.07
11,2021,TA1306000012,Wells St & Huron St,41.894722,-87.634362,938,899,1053,977,1991,1876,30,31.27,29.97,35.1,32.57,66.37,62.53
11,2021,TA1307000001,Greenview Ave & Fullerton Ave,41.92533,-87.6658,335,354,373,478,708,832,30,11.17,11.8,12.43,15.93,23.6,27.73
11,2021,638,Clinton St & Jackson Blvd,41.87831661183069,-87.64098107814789,567,579,605,685,1172,1264,30,18.9,19.3,20.17,22.83,39.07,42.13
11,2021,TA1306000029,DuSable Lake Shore Dr & Ohio St,41.89257,-87.614492,295,285,433,404,728,689,30,9.83,9.5,14.43,13.47,24.27,22.97
11,2021,13248,Ashland Ave & Augusta Blvd,41.899625666666665,-87.66841483333333,267,242,309,262,576,504,30,8.9,8.07,10.3,8.73,19.2,16.8
11,2021,13229,Southport Ave & Belmont Ave,41.93947775040509,-87.6637476682663,309,292,329,313,638,605,30,10.3,9.73,10.97,10.43,21.27,20.17
11,2021,13341,Canal St & Madison St,41.882091,-87.639833,466,488,580,620,1046,1108,31,15.03,15.74,18.71,20.0,33.74,35.74
11,2021,624,Dearborn St & Van Buren St,41.876268,-87.629155,173,170,340,309,513,479,30,5.77,5.67,11.33,10.3,17.1,15.97
11,2021,KA1504000134,Ritchie Ct & Banks St,41.906686666666666,-87.62617416666667,368,360,411,394,779,754,30,12.27,12.0,13.7,13.13,25.97,25.13
11,2021,13263,Columbus Dr & Randolph St,41.884624,-87.61953966666667,526,525,683,658,1209,1183,30,17.53,17.5,22.77,21.93,40.3,39.43
11,2021,20256.0,N Sheffield Ave & W Wellington Ave,41.94,-87.65,143,137,0,0,143,137,29,4.93,4.72,0.0,0.0,4.93,4.72
11,2021,TA1309000042,Lincoln Ave & Belmont Ave,41.939365,-87.668385,326,326,471,459,797,785,30,10.87,10.87,15.7,15.3,26.57,26.17
11,2021,15623,Campbell Ave & Montrose Ave,41.96152666666666,-87.69116733333334,145,147,63,73,208,220,30,4.83,4.9,2.1,2.43,6.93,7.33
11,2021,TA1305000020,Ogden Ave & Chicago Ave,41.896362458,-87.6540612729,384,385,300,347,684,732,30,12.8,12.83,10.0,11.57,22.8,24.4
11,2021,KA1503000012,Clark St & Lake St,41.88602082773,-87.6308760584,440,411,728,661,1168,1072,30,14.67,13.7,24.27,22.03,38.93,35.73
11,2021,TA1307000156,Lincoln Ave & Sunnyside Ave,41.963004,-87.684781,156,157,142,175,298,332,30,5.2,5.23,4.73,5.83,9.93,11.07
11,2021,TA1307000139,MLK Jr Dr & 29th St,41.842062,-87.6168195,162,157,467,434,629,591,30,5.4,5.23,15.57,14.47,20.97,19.7
11,2021,13303,Clark St & Chicago Ave,41.89675,-87.63089,354,333,588,464,942,797,30,11.8,11.1,19.6,15.47,31.4,26.57
11,2021,15550,Canal St & Taylor St,41.870257,-87.639474,190,211,192,237,382,448,30,6.33,7.03,6.4,7.9,12.73,14.93
11,2021,TA1305000035,State St & Van Buren St,41.877181,-87.627844,281,231,442,408,723,639,30,9.37,7.7,14.73,13.6,24.1,21.3
11,2021,13160,May St & Taylor St,41.86952433333333,-87.65553983333334,290,290,458,497,748,787,30,9.67,9.67,15.27,16.57,24.93,26.23
11,2021,15654,Spaulding Ave & Division St,41.9027,-87.70924983333333,74,54,35,27,109,81,30,2.47,1.8,1.17,0.9,3.63,2.7
11,2021,TA1305000003,Fairbanks Ct & Grand Ave,41.892195,-87.62069416666667,510,486,884,817,1394,1303,30,17.0,16.2,29.47,27.23,46.47,43.43
11,2021,334.0,Lawndale Ave & 30th St,41.84,-87.72,20,20,0,0,20,20,19,1.05,1.05,0.0,0.0,1.05,1.05
11,2021,KA1504000152,Lakefront Trail & Bryn Mawr Ave,41.98401,-87.65231233333333,135,118,324,316,459,434,30,4.5,3.93,10.8,10.53,15.3,14.47
11,2021,SL-011,Wells St & Polk St,41.872596,-87.633502,450,406,446,378,896,784,30,15.0,13.53,14.87,12.6,29.87,26.13
11,2021,13056,Canal St & Monroe St,41.88169,-87.63953,393,371,542,460,935,831,30,13.1,12.37,18.07,15.33,31.17,27.7
11,2021,15534,Field Blvd & South Water St,41.88634906269,-87.6175165471,424,417,395,383,819,800,30,14.13,13.9,13.17,12.77,27.3,26.67
11,2021,13427,Cityfront Plaza Dr & Pioneer Ct,41.890573,-87.622072,377,349,503,402,880,751,30,12.57,11.63,16.77,13.4,29.33,25.03
11,2021,18016,Bernard St & Elston Ave,41.9499115,-87.71393233333333,69,71,19,18,88,89,29,2.38,2.45,0.66,0.62,3.03,3.07
11,2021,TA1306000013,New St & Illinois St,41.89084704062381,-87.61861681938171,686,686,645,728,1331,1414,30,22.87,22.87,21.5,24.27,44.37,47.13
11,2021,TA1305000017,Halsted St & Roosevelt Rd,41.867324,-87.648625,147,140,386,316,533,456,30,4.9,4.67,12.87,10.53,17.77,15.2
11,2021,TA1308000031,Logan Blvd & Elston Ave,41.92949816666667,-87.68416783333333,265,280,131,205,396,485,30,8.83,9.33,4.37,6.83,13.2,16.17
11,2021,TA1305000029,State St & Randolph St,41.88462107257936,-87.62783423066139,531,490,746,709,1277,1199,30,17.7,16.33,24.87,23.63,42.57,39.97
11,2021,20246.0,N Green St & W Lake St,41.89,-87.65,308,292,0,0,308,292,30,10.27,9.73,0.0,0.0,10.27,9.73
11,2021,623,Michigan Ave & 8th St,41.872773,-87.623981,281,255,464,431,745,686,30,9.37,8.5,15.47,14.37,24.83,22.87
11,2021,13017,Franklin St & Chicago Ave,41.896746973093805,-87.63566762208939,474,456,649,544,1123,1000,30,15.8,15.2,21.63,18.13,37.43,33.33
11,2021,20234,Ashland Ave & 78th St,41.75228483333333,-87.66382916666667,6,2,5,3,11,5,10,0.6,0.2,0.5,0.3,1.1,0.5
11,2021,443,California Ave & Winona St,41.97,-87.7,35,29,0,0,35,29,17,2.06,1.71,0.0,0.0,2.06,1.71
11,2021,TA1308000021,Winthrop Ave & Lawrence Ave,41.968812,-87.657659,186,184,251,208,437,392,30,6.2,6.13,8.37,6.93,14.57,13.07
11,2021,202480.0,Hampden Ct & Diversey Ave,41.93,-87.64,159,154,0,0,159,154,30,5.3,5.13,0.0,0.0,5.3,5.13
11,2021,TA1309000059,Racine Ave & Wrightwood Ave,41.928887,-87.658971,181,185,297,380,478,565,30,6.03,6.17,9.9,12.67,15.93,18.83
11,2021,13091,Western Ave & 21st St,41.85403566666667,-87.68585683333333,68,51,28,22,96,73,30,2.27,1.7,0.93,0.73,3.2,2.43
11,2021,13006,LaSalle St & Washington St,41.882548166666666,-87.6323655,429,406,348,333,777,739,30,14.3,13.53,11.6,11.1,25.9,24.63
11,2021,574,Vernon Ave & 79th St,41.75094,-87.61379,15,9,5,2,20,11,19,0.79,0.47,0.26,0.11,1.05,0.58
11,2021,TA1309000067,Cottage Grove Ave & 51st St,41.803010666666665,-87.60660833333333,17,17,32,37,49,54,24,0.71,0.71,1.33,1.54,2.04,2.25
11,2021,WL-012,Clinton St & Washington Blvd,41.88338,-87.64117,953,961,941,1025,1894,1986,30,31.77,32.03,31.37,34.17,63.13,66.2
11,2021,TA1307000111,Franklin St & Lake St,41.885837,-87.6355,565,553,516,531,1081,1084,30,18.83,18.43,17.2,17.7,36.03,36.13
11,2021,13036,Michigan Ave & Madison St,41.882134,-87.625125,311,328,373,427,684,755,30,10.37,10.93,12.43,14.23,22.8,25.17
11,2021,13124,Cannon Dr & Fullerton Ave,41.9267559875,-87.6344287848,67,62,159,149,226,211,30,2.23,2.07,5.3,4.97,7.53,7.03
11,2021,TA1309000050,Lincoln Ave & Addison St,41.946176,-87.673308,103,113,94,128,197,241,30,3.43,3.77,3.13,4.27,6.57,8.03
11,2021,TA1307000061,State St & Pearson St,41.897448,-87.628722,366,334,500,433,866,767,30,12.2,11.13,16.67,14.43,28.87,25.57
11,2021,13135,Blue Island Ave & 18th St,41.85748516666666,-87.66166916666667,181,182,176,171,357,353,30,6.03,6.07,5.87,5.7,11.9,11.77
11,2021,15624,Avondale Ave & Irving Park Rd,41.95342,-87.7319545,103,96,26,19,129,115,30,3.43,3.2,0.87,0.63,4.3,3.83
11,2021,15542,Clinton St & Polk St,41.87136083333333,-87.64087316666667,35,41,41,66,76,107,27,1.3,1.52,1.52,2.44,2.81,3.96
11,2021,13011,Canal St & Adams St,41.879464166666665,-87.639918,611,647,799,858,1410,1505,30,20.37,21.57,26.63,28.6,47.0,50.17
11,2021,KA1504000161,St. Louis Ave & Balmoral Ave,41.980336,-87.71613483333333,45,43,36,27,81,70,26,1.73,1.65,1.38,1.04,3.12,2.69
11,2021,13266,Stave St & Armitage Ave,41.917741,-87.691392,209,201,83,83,292,284,30,6.97,6.7,2.77,2.77,9.73,9.47
11,2021,13138,Canal St & Jackson Blvd,41.87741466666667,-87.639112,342,340,400,389,742,729,30,11.4,11.33,13.33,12.97,24.73,24.3
11,2021,13034,Michigan Ave & Pearson St,41.89631666666666,-87.62437983333334,225,225,397,435,622,660,30,7.5,7.5,13.23,14.5,20.73,22.0
11,2021,13021,Clinton St & Lake St,41.885637,-87.641823,664,665,716,714,1380,1379,30,22.13,22.17,23.87,23.8,46.0,45.97
11,2021,TA1306000026,Racine Ave & Fullerton Ave,41.92567433333333,-87.65846566666667,330,326,802,806,1132,1132,30,11.0,10.87,26.73,26.87,37.73,37.73
11,2021,13150,Michigan Ave & 18th St,41.857813,-87.62455,189,199,392,421,581,620,30,6.3,6.63,13.07,14.03,19.37,20.67
11,2021,TA1308000026,Wentworth Ave & 24th St (Temp),41.85008369347577,-87.6321405172348,32,33,61,74,93,107,29,1.1,1.14,2.1,2.55,3.21,3.69
11,2021,TA1308000001,Theater on the Lake,41.926277,-87.630834,155,146,569,565,724,711,30,5.17,4.87,18.97,18.83,24.13,23.7
11,2021,15571,Broadway & Granville Ave,41.99476683333334,-87.660241,156,148,229,244,385,392,30,5.2,4.93,7.63,8.13,12.83,13.07
11,2021,13134,Damen Ave & Madison St,41.881409,-87.6749245,170,144,146,134,316,278,30,5.67,4.8,4.87,4.47,10.53,9.27
11,2021,TA1307000115,Clybourn Ave & Division St,41.904613,-87.640552,183,195,221,264,404,459,30,6.1,6.5,7.37,8.8,13.47,15.3
11,2021,13033,Milwaukee Ave & Grand Ave,41.891578,-87.648384,587,589,415,458,1002,1047,30,19.57,19.63,13.83,15.27,33.4,34.9
11,2021,13326,Canal St & Harrison St,41.874255,-87.639573,57,41,110,104,167,145,30,1.9,1.37,3.67,3.47,5.57,4.83
11,2021,13292,Kedzie Ave & Palmer Ct,41.92151583333333,-87.70740183333334,176,170,97,85,273,255,30,5.87,5.67,3.23,2.83,9.1,8.5
11,2021,358,Kilpatrick Ave & Parker Ave,41.93,-87.74,40,31,0,0,40,31,19,2.11,1.63,0.0,0.0,2.11,1.63
11,2021,13163,Morgan St & 18th St,41.858086,-87.651073,170,159,164,133,334,292,30,5.67,5.3,5.47,4.43,11.13,9.73
11,2021,TA1307000039,Clark St & Elm St,41.90264766666667,-87.631739,969,955,1425,1403,2394,2358,30,32.3,31.83,47.5,46.77,79.8,78.6
11,2021,TA1309000049,DuSable Lake Shore Dr & Belmont Ave,41.940775,-87.639192,321,326,443,489,764,815,30,10.7,10.87,14.77,16.3,25.47,27.17
11,2021,TA1308000019,Racine Ave & Belmont Ave,41.939743,-87.658865,310,304,485,449,795,753,30,10.33,10.13,16.17,14.97,26.5,25.1
11,2021,18017,Central Park Ave & Bloomingdale Ave,41.914099,-87.7167845,52,54,92,87,144,141,30,1.73,1.8,3.07,2.9,4.8,4.7
11,2021,TA1305000004,McCormick Place,41.8513751729,-87.6188346489,68,67,105,90,173,157,30,2.27,2.23,3.5,3.0,5.77,5.23
11,2021,567,May St & 69th St,41.7688905,-87.6529615,22,18,2,2,24,20,24,0.92,0.75,0.08,0.08,1.0,0.83
11,2021,15645,Richmond St & Diversey Ave,41.93195433333333,-87.70120866666667,76,77,54,68,130,145,29,2.62,2.66,1.86,2.34,4.48,5.0
11,2021,13073,Ashland Ave & Lake St,41.88592,-87.66717,233,185,220,140,453,325,30,7.77,6.17,7.33,4.67,15.1,10.83
11,2021,TA1305000034,Honore St & Division St,41.903119,-87.673935,302,257,269,239,571,496,30,10.07,8.57,8.97,7.97,19.03,16.53
11,2021,TA1306000032,Sheffield Ave & Willow St,41.913688,-87.652855,302,295,472,482,774,777,30,10.07,9.83,15.73,16.07,25.8,25.9
11,2021,351,Mulligan Ave & Wellington Ave,41.93,-87.78,34,20,0,0,34,20,21,1.62,0.95,0.0,0.0,1.62,0.95
11,2021,15585,Budlong Woods Library,41.983665,-87.696423,114,108,29,25,143,133,29,3.93,3.72,1.0,0.86,4.93,4.59
11,2021,KA1504000146,Clark St & Berwyn Ave,41.978042,-87.6692125,212,228,173,231,385,459,30,7.07,7.6,5.77,7.7,12.83,15.3
11,2021,20217,Torrence Ave & 126th Pl,41.6662625,-87.55715916666666,5,6,0,1,5,7,11,0.45,0.55,0.0,0.09,0.45,0.64
11,2021,15615,Christiana Ave & Lawrence Ave,41.96833016666667,-87.7118915,69,64,39,38,108,102,29,2.38,2.21,1.34,1.31,3.72,3.52
11,2021,13319,Ashland Ave & Grace St,41.950687,-87.6687,172,165,290,237,462,402,30,5.73,5.5,9.67,7.9,15.4,13.4
11,2021,16920,Central Ave & Chicago Ave,41.894958,-87.764902,29,29,14,11,43,40,29,1.0,1.0,0.48,0.38,1.48,1.38
11,2021,TA1309000015,Leavitt St & Lawrence Ave,41.968885,-87.684001,75,72,83,73,158,145,30,2.5,2.4,2.77,2.43,5.27,4.83
11,2021,20213,Commercial Ave & 130th St,41.659194,-87.5507215,14,5,1,1,15,6,11,1.27,0.45,0.09,0.09,1.36,0.55
11,2021,KA1504000097,Drake Ave & Montrose Ave,41.96114816666667,-87.71653166666667,40,38,38,33,78,71,28,1.43,1.36,1.36,1.18,2.79,2.54
11,2021,16912,Cicero Ave & Flournoy St,41.872131,-87.746619,3,1,4,1,7,2,10,0.3,0.1,0.4,0.1,0.7,0.2
11,2021,13156,Aberdeen St & Monroe St,41.880419,-87.655519,273,256,469,460,742,716,30,9.1,8.53,15.63,15.33,24.73,23.87
11,2021,15651,Humboldt Blvd & Armitage Ave,41.91751216666667,-87.701881,199,187,76,70,275,257,30,6.63,6.23,2.53,2.33,9.17,8.57
11,2021,13085,Kedzie Ave & Milwaukee Ave,41.929567,-87.707857,522,509,193,228,715,737,30,17.4,16.97,6.43,7.6,23.83,24.57
11,2021,13050,State St & Kinzie St,41.88917133333333,-87.62769016666667,537,556,545,632,1082,1188,30,17.9,18.53,18.17,21.07,36.07,39.6
11,2021,TA1309000058,Lincoln Ave & Fullerton Ave,41.924161029067626,-87.64638036489487,397,407,456,487,853,894,31,12.81,13.13,14.71,15.71,27.52,28.84
11,2021,13128,Clark St & North Ave,41.912050666666666,-87.63184216666667,229,225,414,353,643,578,30,7.63,7.5,13.8,11.77,21.43,19.27
11,2021,530,Laramie Ave & Kinzie St,41.887832,-87.755527,15,5,8,5,23,10,17,0.88,0.29,0.47,0.29,1.35,0.59
11,2021,573,State St & 79th St,41.7507775,-87.62445766666667,20,11,9,2,29,13,20,1.0,0.55,0.45,0.1,1.45,0.65
11,2021,312,Lockwood Ave & Wrightwood Ave,41.93,-87.76,38,35,0,0,38,35,23,1.65,1.52,0.0,0.0,1.65,1.52
11,2021,TA1308000006,Damen Ave & Grand Ave,41.89128983333333,-87.67684183333333,203,220,130,171,333,391,30,6.77,7.33,4.33,5.7,11.1,13.03
11,2021,TA1309000023,Sheffield Ave & Wrightwood Ave,41.928712,-87.653833,347,337,540,485,887,822,30,11.57,11.23,18.0,16.17,29.57,27.4
11,2021,13037,Clinton St & Tilden St,41.875885,-87.640795,93,107,127,131,220,238,30,3.1,3.57,4.23,4.37,7.33,7.93
11,2021,SL-008,Federal St & Polk St,41.8721365,-87.62955166666667,498,472,759,690,1257,1162,30,16.6,15.73,25.3,23.0,41.9,38.73
11,2021,317,Long Ave & Belmont Ave,41.94,-87.76,39,29,0,0,39,29,27,1.44,1.07,0.0,0.0,1.44,1.07
11,2021,13432,Wood St & Hubbard St,41.889899,-87.671473,159,126,138,134,297,260,29,5.48,4.34,4.76,4.62,10.24,8.97
11,2021,TA1307000041,DuSable Lake Shore Dr & Wellington Ave,41.93668133333333,-87.63685983333333,272,283,447,466,719,749,30,9.07,9.43,14.9,15.53,23.97,24.97
11,2021,KA17018054,Damen Ave & Walnut (Lake) St,41.885965,-87.67693766666666,114,115,71,78,185,193,30,3.8,3.83,2.37,2.6,6.17,6.43
11,2021,TA1307000119,Clarendon Ave & Leland Ave,41.9679085,-87.64993783333334,224,221,201,207,425,428,30,7.47,7.37,6.7,6.9,14.17,14.27
11,2021,KA1503000034,LaSalle St & Adams St,41.87950266666667,-87.632438,162,145,223,249,385,394,29,5.59,5.0,7.69,8.59,13.28,13.59
11,2021,13068,Western Ave & Winnebago Ave,41.91555366666667,-87.68702116666667,355,349,220,239,575,588,30,11.83,11.63,7.33,7.97,19.17,19.6
11,2021,KA1503000005,Wentworth Ave & 35th St,41.83076033333333,-87.63248366666667,37,29,43,25,80,54,29,1.28,1.0,1.48,0.86,2.76,1.86
11,2021,KP1705001026,LaSalle Dr & Huron St,41.89458333333333,-87.63195033333334,396,367,584,503,980,870,30,13.2,12.23,19.47,16.77,32.67,29.0
11,2021,15634,Western Ave & Roscoe St,41.9430665,-87.68729033333334,68,63,88,95,156,158,30,2.27,2.1,2.93,3.17,5.2,5.27
11,2021,13409,Sangamon St & Washington Blvd,41.88285716666667,-87.65133016666667,299,307,379,383,678,690,30,9.97,10.23,12.63,12.77,22.6,23.0
11,2021,TA1307000163,Clifton Ave & Armitage Ave,41.918216,-87.656936,305,305,340,361,645,666,30,10.17,10.17,11.33,12.03,21.5,22.2
11,2021,15539,Desplaines St & Jackson Blvd,41.87811890091227,-87.64394760131836,461,448,568,539,1029,987,30,15.37,14.93,18.93,17.97,34.3,32.9
11,2021,TA1309000039,DuSable Lake Shore Dr & Diversey Pkwy,41.932588,-87.636427,236,221,448,420,684,641,30,7.87,7.37,14.93,14.0,22.8,21.37
11,2021,TA1309000029,Leavitt St & Armitage Ave,41.91781666666667,-87.68242983333333,185,179,148,134,333,313,30,6.17,5.97,4.93,4.47,11.1,10.43
11,2021,13241,Western Ave & Division St,41.902907166666665,-87.68729433333333,250,232,112,88,362,320,30,8.33,7.73,3.73,2.93,12.07,10.67
11,2021,15642,California Ave & Fletcher St,41.9384025,-87.6981205,112,113,33,50,145,163,30,3.73,3.77,1.1,1.67,4.83,5.43
11,2021,13136,Damen Ave & Division St,41.903266,-87.678435,327,333,264,316,591,649,30,10.9,11.1,8.8,10.53,19.7,21.63
11,2021,TA1308000005,Leavitt St & North Ave,41.91050936666395,-87.6823890209198,232,235,155,181,387,416,30,7.73,7.83,5.17,6.03,12.9,13.87
11,2021,13061,Ashland Ave & Division St,41.90345,-87.667747,853,855,670,699,1523,1554,30,28.43,28.5,22.33,23.3,50.77,51.8
11,2021,15652,Central Park Ave & North Ave,41.909620833333335,-87.71661083333333,38,28,10,14,48,42,30,1.27,0.93,0.33,0.47,1.6,1.4
11,2021,657,Wood St & Augusta Blvd,41.899222,-87.67220216666666,158,147,164,184,322,331,30,5.27,4.9,5.47,6.13,10.73,11.03
11,2021,15648,Campbell Ave & Fullerton Ave,41.92463247165,-87.6893070063,159,150,61,75,220,225,30,5.3,5.0,2.03,2.5,7.33,7.5
11,2021,TA1305000041,Damen Ave & Pierce Ave,41.9093960065,-87.6776919292,646,672,552,632,1198,1304,31,20.84,21.68,17.81,20.39,38.65,42.06
11,2021,KA1503000044,Rush St & Hubbard St,41.890173,-87.626185,217,213,409,348,626,561,30,7.23,7.1,13.63,11.6,20.87,18.7
11,2021,TA1307000126,Sheffield Ave & Waveland Ave,41.949329166666665,-87.65461183333333,399,392,486,500,885,892,30,13.3,13.07,16.2,16.67,29.5,29.73
11,2021,TA1307000107,Sheridan Rd & Montrose Ave,41.961515,-87.654683,368,376,473,507,841,883,30,12.27,12.53,15.77,16.9,28.03,29.43
11,2021,20112,Indiana Ave & 103rd St,41.70717027117756,-87.6184719800949,2,3,2,1,4,4,5,0.4,0.6,0.4,0.2,0.8,0.8
11,2021,KA1504000127,Manor Ave & Leland Ave,41.965840666666665,-87.70084833333334,69,63,51,39,120,102,28,2.46,2.25,1.82,1.39,4.29,3.64
11,2021,20133,Woodlawn & 103rd - Olive Harvey Vaccination Site,41.71,-87.59,3,5,0,0,3,5,7,0.43,0.71,0.0,0.0,0.43,0.71
11,2021,13325,Broadway & Waveland Ave,41.94911666666667,-87.64856433333334,449,447,760,754,1209,1201,30,14.97,14.9,25.33,25.13,40.3,40.03
11,2021,596,Benson Ave & Church St,42.048214,-87.68357933333333,174,175,201,217,375,392,29,6.0,6.03,6.93,7.48,12.93,13.52
11,2021,TA1305000022,Orleans St & Merchandise Mart Plaza,41.887893,-87.63717133333333,671,608,764,653,1435,1261,30,22.37,20.27,25.47,21.77,47.83,42.03
11,2021,TA1307000128,Dearborn Pkwy & Delaware Pl,41.89899883333333,-87.629898,527,533,721,813,1248,1346,30,17.57,17.77,24.03,27.1,41.6,44.87
11,2021,KA1503000066,Wood St & 35th St,41.830176,-87.670298,24,23,18,16,42,39,26,0.92,0.88,0.69,0.62,1.62,1.5
11,2021,15666,California Ave & Lake St,41.88445395657,-87.6962981368,58,37,29,18,87,55,29,2.0,1.28,1.0,0.62,3.0,1.9
11,2021,18058,Leavitt St & Chicago Ave,41.89551766666666,-87.68203866666667,145,131,152,152,297,283,30,4.83,4.37,5.07,5.07,9.9,9.43
11,2021,TA1307000166,Halsted St & Willow St,41.913865,-87.648755,339,340,353,347,692,687,30,11.3,11.33,11.77,11.57,23.07,22.9
11,2021,18062,Aberdeen St & Randolph St,41.8841435,-87.65424766666666,324,328,333,394,657,722,30,10.8,10.93,11.1,13.13,21.9,24.07
11,2021,KA1504000140,Winchester Ave & Elston Ave,41.92409583333333,-87.67638183333334,117,123,98,108,215,231,30,3.9,4.1,3.27,3.6,7.17,7.7
11,2021,KA1504000167,Kedzie Ave & Bryn Mawr Ave,41.98222975911517,-87.70888656377792,28,19,31,23,59,42,29,0.97,0.66,1.07,0.79,2.03,1.45
11,2021,13353,Ada St & Washington Blvd,41.882821166666666,-87.6613005,280,266,377,345,657,611,30,9.33,8.87,12.57,11.5,21.9,20.37
11,2021,TA1305000032,Clinton St & Madison St,41.882242,-87.641066,890,903,1180,1205,2070,2108,30,29.67,30.1,39.33,40.17,69.0,70.27
11,2021,13338,Mies van der Rohe Way & Chicago Ave,41.89691,-87.621743,400,398,603,600,1003,998,30,13.33,13.27,20.1,20.0,33.43,33.27
11,2021,TA1308000035,Lake Park Ave & 47th St,41.809443,-87.591875,52,50,61,69,113,119,30,1.73,1.67,2.03,2.3,3.77,3.97
11,2021,13431,Adler Planetarium,41.866095,-87.607267,78,64,225,230,303,294,30,2.6,2.13,7.5,7.67,10.1,9.8
11,2021,TA1308000023,Cottage Grove Ave & 43rd St,41.816499,-87.606582,13,11,37,36,50,47,25,0.52,0.44,1.48,1.44,2.0,1.88
11,2021,KA1503000069,Dorchester Ave & 49th St,41.805772,-87.592464,47,40,47,50,94,90,30,1.57,1.33,1.57,1.67,3.13,3.0
11,2021,TA1307000006,Southport Ave & Wellington Ave,41.93571266666667,-87.663667,321,297,415,439,736,736,31,10.35,9.58,13.39,14.16,23.74,23.74
11,2021,TA1309000036,Burling St & Diversey Pkwy,41.93314883333333,-87.64784966666667,292,304,457,538,749,842,30,9.73,10.13,15.23,17.93,24.97,28.07
11,2021,13277,Broadway & Belmont Ave,41.940106,-87.645451,268,258,560,522,828,780,30,8.93,8.6,18.67,17.4,27.6,26.0
11,2021,KA1504000078,Lincoln Ave & Winona St,41.97493033333333,-87.69268716666667,98,98,49,47,147,145,30,3.27,3.27,1.63,1.57,4.9,4.83
11,2021,595,Wabash Ave & 87th St,41.73660683333333,-87.62262333333334,14,14,3,2,17,16,17,0.82,0.82,0.18,0.12,1.0,0.94
11,2021,475,Whipple/Irving Park,41.95,-87.7,18,16,0,0,18,16,14,1.29,1.14,0.0,0.0,1.29,1.14
11,2021,16921,Austin Blvd & Chicago Ave,41.894861166666665,-87.77452216666667,11,9,4,8,15,17,21,0.52,0.43,0.19,0.38,0.71,0.81
11,2021,401,Kildare Ave & 47th St,41.81,-87.73,2,0,0,0,2,0,2,1.0,0.0,0.0,0.0,1.0,0.0
11,2021,TA1307000113,Southport Ave & Wrightwood Ave,41.928798666666665,-87.66380483333333,342,348,299,346,641,694,30,11.4,11.6,9.97,11.53,21.37,23.13
11,2021,KA1504000139,Monticello Ave & Irving Park Rd,41.953988333333335,-87.71905933333333,71,66,9,19,80,85,29,2.45,2.28,0.31,0.66,2.76,2.93
11,2021,Hubbard Bike-checking (LBS-WH-TEST),Base - 2132 W Hubbard Warehouse,41.889948833333335,-87.6802775,13,17,1,4,14,21,20,0.65,0.85,0.05,0.2,0.7,1.05
11,2021,TA1309000063,Lake Park Ave & 56th St,41.79355416666667,-87.58802316666667,114,100,415,394,529,494,30,3.8,3.33,13.83,13.13,17.63,16.47
11,2021,322,Cicero Ave & Grace St,41.95,-87.75,17,12,0,0,17,12,15,1.13,0.8,0.0,0.0,1.13,0.8
11,2021,15685,Central Park Ave & Ogden Ave,41.85382216666667,-87.71508616666667,32,33,24,20,56,53,28,1.14,1.18,0.86,0.71,2.0,1.89
11,2021,KA1504000114,Kedzie Ave & Chicago Ave,41.89546816666667,-87.7062005,25,23,17,23,42,46,25,1.0,0.92,0.68,0.92,1.68,1.84
11,2021,403,Kildare Ave & 55th St,41.79,-87.73,5,3,0,0,5,3,6,0.83,0.5,0.0,0.0,0.83,0.5
11,2021,386,Rockwell St & 57th St,41.79,-87.69,13,7,0,0,13,7,14,0.93,0.5,0.0,0.0,0.93,0.5
11,2021,646,State St & 54th St,41.79658066666666,-87.62592666666667,3,0,4,1,7,1,6,0.5,0.0,0.67,0.17,1.17,0.17
11,2021,TA1307000048,Fort Dearborn Dr & 31st St,41.838556,-87.608218,31,27,156,145,187,172,30,1.03,0.9,5.2,4.83,6.23,5.73
11,2021,KA1504000148,Clark St & Elmdale Ave,41.99086044812557,-87.66972362995148,101,101,135,118,236,219,30,3.37,3.37,4.5,3.93,7.87,7.3
11,2021,13300,DuSable Lake Shore Dr & Monroe St,41.880958,-87.616743,416,367,873,839,1289,1206,30,13.87,12.23,29.1,27.97,42.97,40.2
11,2021,13242,Milwaukee Ave & Rockwell St,41.920212,-87.69271866666666,145,124,101,92,246,216,30,4.83,4.13,3.37,3.07,8.2,7.2
11,2021,KA1503000064,Dusable Harbor,41.886976,-87.612813,123,118,291,294,414,412,30,4.1,3.93,9.7,9.8,13.8,13.73
11,2021,13296,Ashland Ave & Wrightwood Ave,41.928841166666665,-87.66853483333334,182,177,279,273,461,450,30,6.07,5.9,9.3,9.1,15.37,15.0
11,2021,TA1308000046,Morgan St & 31st St,41.8378,-87.65114,137,148,94,106,231,254,30,4.57,4.93,3.13,3.53,7.7,8.47
11,2021,KA1504000135,Wells St & Elm St,41.903222,-87.634324,897,891,1143,1116,2040,2007,30,29.9,29.7,38.1,37.2,68.0,66.9
11,2021,13258,California Ave & North Ave,41.91044,-87.6972,164,151,99,99,263,250,30,5.47,5.03,3.3,3.3,8.77,8.33
11,2021,KA1504000079,Larrabee St & Division St,41.90348607004,-87.6433534936,356,344,384,398,740,742,30,11.87,11.47,12.8,13.27,24.67,24.73
11,2021,TA1308000013,Halsted St & Archer Ave,41.847203,-87.646795,39,35,100,73,139,108,30,1.3,1.17,3.33,2.43,4.63,3.6
11,2021,TA1308000014,Normal Ave & Archer Ave,41.849527,-87.640591,29,21,45,28,74,49,29,1.0,0.72,1.55,0.97,2.55,1.69
11,2021,361,Kenosha & Wellington,41.93,-87.73,14,4,0,0,14,4,14,1.0,0.29,0.0,0.0,1.0,0.29
11,2021,13420,MLK Jr Dr & Pershing Rd,41.8246,-87.61678,22,22,41,43,63,65,30,0.73,0.73,1.37,1.43,2.1,2.17
11,2021,13016,St. Clair St & Erie St,41.894079,-87.62252316666667,845,872,1106,1207,1951,2079,30,28.17,29.07,36.87,40.23,65.03,69.3
11,2021,13154,Sheffield Ave & Kingsbury St,41.910506833333336,-87.65304266666666,423,429,474,499,897,928,30,14.1,14.3,15.8,16.63,29.9,30.93
11,2021,TA1307000121,Halsted St & Polk St,41.87184,-87.64664,364,362,651,654,1015,1016,30,12.13,12.07,21.7,21.8,33.83,33.87
11,2021,13089,Damen Ave & Cullerton St,41.854966518753926,-87.67569959163664,63,73,83,84,146,157,30,2.1,2.43,2.77,2.8,4.87,5.23
11,2021,KA1504000104,Paulina St & Flournoy St,41.87295,-87.66913,290,281,420,498,710,779,30,9.67,9.37,14.0,16.6,23.67,25.97
11,2021,TA1306000025,Racine Ave & Congress Pkwy,41.87464,-87.65703,179,151,269,257,448,408,30,5.97,5.03,8.97,8.57,14.93,13.6
11,2021,KA1504000106,Kedzie Ave & Lake St,41.88458083333333,-87.706406,33,33,14,13,47,46,26,1.27,1.27,0.54,0.5,1.81,1.77
11,2021,654,Racine Ave & Washington Blvd,41.8830375,-87.65705716666666,156,160,201,216,357,376,30,5.2,5.33,6.7,7.2,11.9,12.53
11,2021,13243,Milwaukee Ave & Wabansia Ave,41.912616,-87.681391,390,389,343,336,733,725,30,13.0,12.97,11.43,11.2,24.43,24.17
11,2021,13257,Campbell Ave & North Ave,41.91056583333334,-87.68955983333333,250,238,99,91,349,329,30,8.33,7.93,3.3,3.03,11.63,10.97
11,2021,16806,Bosworth Ave & Howard St,42.01955783333333,-87.66959466666667,31,33,26,24,57,57,29,1.07,1.14,0.9,0.83,1.97,1.97
11,2021,E002,Chicago Ave & Washington St,42.032562,-87.679101,110,109,115,116,225,225,30,3.67,3.63,3.83,3.87,7.5,7.5
11,2021,15622,California Ave & Montrose Ave,41.961068,-87.695439,99,99,55,80,154,179,30,3.3,3.3,1.83,2.67,5.13,5.97
11,2021,20229,Baltimore Ave & 87th St,41.73737666666667,-87.54851966666666,4,4,1,1,5,5,6,0.67,0.67,0.17,0.17,0.83,0.83
11,2021,KA1504000162,Clark St & Lunt Ave,42.0090935,-87.67415816666667,161,160,70,67,231,227,30,5.37,5.33,2.33,2.23,7.7,7.57
11,2021,431,Western Ave & Grace St,41.95,-87.69,22,22,0,0,22,22,17,1.29,1.29,0.0,0.0,1.29,1.29
11,2021,E006,Central St Metra,42.063598,-87.69873,52,55,30,30,82,85,28,1.86,1.96,1.07,1.07,2.93,3.04
11,2021,519,Wolcott Ave & Fargo Ave,42.016925,-87.6777285,22,20,12,8,34,28,21,1.05,0.95,0.57,0.38,1.62,1.33
11,2021,430,Troy St & Grace St,41.95,-87.71,38,35,0,0,38,35,25,1.52,1.4,0.0,0.0,1.52,1.4
11,2021,304,Lavergne Ave & Division St,41.9,-87.75,7,3,0,0,7,3,7,1.0,0.43,0.0,0.0,1.0,0.43
11,2021,13022,Streeter Dr & Grand Ave,41.892278,-87.612043,631,641,1123,1218,1754,1859,30,21.03,21.37,37.43,40.6,58.47,61.97
11,2021,13164,Racine Ave & 18th St,41.858166,-87.656495,215,208,233,192,448,400,30,7.17,6.93,7.77,6.4,14.93,13.33
11,2021,13063,Sheridan Rd & Irving Park Rd,41.954245,-87.654406,336,332,533,498,869,830,30,11.2,11.07,17.77,16.6,28.97,27.67
11,2021,TA1309000055,Emerald Ave & 31st St,41.838198,-87.645143,170,171,210,224,380,395,30,5.67,5.7,7.0,7.47,12.67,13.17
11,2021,TA1305000014,Clark St & Wrightwood Ave,41.92954966666667,-87.64315183333333,634,637,840,846,1474,1483,30,21.13,21.23,28.0,28.2,49.13,49.43
11,2021,347,Komensky Ave & 55th St,41.79,-87.72,13,6,0,0,13,6,9,1.44,0.67,0.0,0.0,1.44,0.67
11,2021,13096,California Ave & 21st St,41.8538040657915,-87.69574239850043,44,39,39,39,83,78,29,1.52,1.34,1.34,1.34,2.86,2.69
11,2021,515,Paulina St & Howard St,42.019159,-87.673573,64,58,99,104,163,162,30,2.13,1.93,3.3,3.47,5.43,5.4
11,2021,517,Clark St & Jarvis Ave,42.015963,-87.675005,37,33,67,46,104,79,30,1.23,1.1,2.23,1.53,3.47,2.63
11,2021,18069,Cherry Ave & Blackhawk St,41.907221,-87.655618,73,69,77,105,150,174,29,2.52,2.38,2.66,3.62,5.17,6.0
11,2021,13162,Halsted St & 21st St,41.85371166666667,-87.64649866666667,48,49,45,51,93,100,29,1.66,1.69,1.55,1.76,3.21,3.45
11,2021,TA1307000005,Indiana Ave & 26th St,41.845687,-87.622481,72,69,53,70,125,139,30,2.4,2.3,1.77,2.33,4.17,4.63
11,2021,13217,Calumet Ave & 33rd St,41.83482083333333,-87.6179195,134,114,410,334,544,448,30,4.47,3.8,13.67,11.13,18.13,14.93
11,2021,RP-008,Clark St & Columbia Ave,42.00445666666667,-87.67240216666667,89,87,82,76,171,163,30,2.97,2.9,2.73,2.53,5.7,5.43
11,2021,20106,Chicago State University,41.71896733333333,-87.60828033333334,87,84,25,21,112,105,29,3.0,2.9,0.86,0.72,3.86,3.62
11,2021,20235,Greenwood Ave & 91st St,41.72874466666666,-87.59724833333334,2,1,1,1,3,2,4,0.5,0.25,0.25,0.25,0.75,0.5
11,2021,E011,Dodge Ave & Main St,42.034904833333336,-87.69912616666667,19,18,10,10,29,28,21,0.9,0.86,0.48,0.48,1.38,1.33
11,2021,13165,Racine Ave & 13th St,41.865054,-87.656959,43,40,31,30,74,70,28,1.54,1.43,1.11,1.07,2.64,2.5
11,2021,TA1308000038,Cottage Grove Ave & Oakwood Blvd,41.82299316666667,-87.60716733333334,13,13,19,16,32,29,19,0.68,0.68,1.0,0.84,1.68,1.53
11,2021,KA1504000102,Fairfield Ave & Roosevelt Rd,41.866624,-87.694521,63,63,14,12,77,75,28,2.25,2.25,0.5,0.43,2.75,2.68
11,2021,TA1307000062,Sedgwick St & Huron St,41.89464783333333,-87.6382515,474,474,441,457,915,931,30,15.8,15.8,14.7,15.23,30.5,31.03
11,2021,660,Sheridan Rd & Columbia Ave,42.004583,-87.661406,116,117,117,156,233,273,30,3.87,3.9,3.9,5.2,7.77,9.1
11,2021,343,Pulaski Rd & 51st St,41.8,-87.72,30,21,0,0,30,21,19,1.58,1.11,0.0,0.0,1.58,1.11
11,2021,337,Hoyne Ave & 34th St,41.83,-87.68,4,2,0,0,4,2,5,0.8,0.4,0.0,0.0,0.8,0.4
11,2021,400,Lawler Ave & 50th St,41.8,-87.75,26,17,0,0,26,17,18,1.44,0.94,0.0,0.0,1.44,0.94
11,2021,RP-009,Sheridan Rd & Loyola Ave,42.00104377979,-87.6611982433,132,123,127,123,259,246,30,4.4,4.1,4.23,4.1,8.63,8.2
11,2021,13398,Blackstone Ave & Hyde Park Blvd,41.802562,-87.590368,59,51,235,228,294,279,30,1.97,1.7,7.83,7.6,9.8,9.3
11,2021,514,Ridge Blvd & Howard St,42.0192645,-87.6846,22,21,47,32,69,53,29,0.76,0.72,1.62,1.1,2.38,1.83
11,2021,13247,Ashland Ave & Chicago Ave,41.895211833333335,-87.66763316666666,258,242,250,230,508,472,30,8.6,8.07,8.33,7.67,16.93,15.73
11,2021,KA1503000051,Halsted St & 47th Pl,41.808212,-87.64565233333333,35,37,5,7,40,44,26,1.35,1.42,0.19,0.27,1.54,1.69
11,2021,13081,Ogden Ave & Congress Pkwy,41.87501,-87.67328,119,83,126,110,245,193,30,3.97,2.77,4.2,3.67,8.17,6.43
11,2021,13235,Southport Ave & Waveland Ave,41.94815,-87.66394,481,480,622,641,1103,1121,30,16.03,16.0,20.73,21.37,36.77,37.37
11,2021,15632,Talman Ave & Addison St,41.946648333333336,-87.69462433333334,102,102,38,38,140,140,30,3.4,3.4,1.27,1.27,4.67,4.67
11,2021,13332,Loomis St & Lexington St,41.87215866666666,-87.661512,511,510,982,955,1493,1465,30,17.03,17.0,32.73,31.83,49.77,48.83
11,2021,13268,Damen Ave & Wellington Ave,41.93588,-87.67842,128,125,95,98,223,223,30,4.27,4.17,3.17,3.27,7.43,7.43
11,2021,TA1309000027,Sheridan Rd & Buena Ave,41.958525,-87.65512483333333,243,230,336,280,579,510,31,7.84,7.42,10.84,9.03,18.68,16.45
11,2021,435,Rockwell St & Fletcher St,41.94,-87.69,40,36,0,0,40,36,13,3.08,2.77,0.0,0.0,3.08,2.77
11,2021,323,Narragansett & Irving Park,41.95,-87.79,15,11,0,0,15,11,15,1.0,0.73,0.0,0.0,1.0,0.73
11,2021,20215,Hegewisch Metra Station,41.64859083333333,-87.546205,4,5,1,0,5,5,8,0.5,0.62,0.12,0.0,0.62,0.62
11,2021,TA1308000049,Wells St & Evergreen Ave,41.90669,-87.63500433333333,573,572,682,680,1255,1252,30,19.1,19.07,22.73,22.67,41.83,41.73
11,2021,13430,LaSalle St & Illinois St,41.890974,-87.63150683333333,654,640,687,771,1341,1411,30,21.8,21.33,22.9,25.7,44.7,47.03
11,2021,13179,Clark St & Lincoln Ave,41.915665833333335,-87.634619,525,507,718,680,1243,1187,30,17.5,16.9,23.93,22.67,41.43,39.57
11,2021,13276,Stockton Dr & Wrightwood Ave,41.93130633333333,-87.63877616666667,364,347,452,415,816,762,30,12.13,11.57,15.07,13.83,27.2,25.4
11,2021,TA1309000043,Southport Ave & Irving Park Rd,41.954177,-87.664358,173,167,401,362,574,529,30,5.77,5.57,13.37,12.07,19.13,17.63
11,2021,KA1504000076,Ellis Ave & 55th St,41.79430062054,-87.6014497734,357,340,1608,1600,1965,1940,30,11.9,11.33,53.6,53.33,65.5,64.67
11,2021,KA1503000070,Harper Ave & 59th St,41.78794281287,-87.5883151702,91,83,439,431,530,514,30,3.03,2.77,14.63,14.37,17.67,17.13
11,2021,TA1307000160,Prairie Ave & Garfield Blvd,41.794853,-87.618691,39,38,101,71,140,109,30,1.3,1.27,3.37,2.37,4.67,3.63
11,2021,KA1503000054,Cottage Grove Ave & 63rd St,41.78060094521422,-87.60583609342575,29,28,26,45,55,73,27,1.07,1.04,0.96,1.67,2.04,2.7
11,2021,15691,Albany Ave & 26th St,41.84447501366,-87.7020130128,4,4,5,11,9,15,13,0.31,0.31,0.38,0.85,0.69,1.15
11,2021,TA1309000008,Franklin St & Adams St (Temp),41.879434,-87.635504,336,326,365,343,701,669,30,11.2,10.87,12.17,11.43,23.37,22.3
11,2021,KA1503000040,Loomis St & Archer Ave,41.841683333333336,-87.65735833333333,44,45,24,38,68,83,28,1.57,1.61,0.86,1.36,2.43,2.96
11,2021,327,Plainfield & Irving Park,41.95,-87.83,3,2,0,0,3,2,4,0.75,0.5,0.0,0.0,0.75,0.5
11,2021,13075,Wentworth Ave & Cermak Rd,41.85308455741279,-87.63193130493164,147,155,251,269,398,424,30,4.9,5.17,8.37,8.97,13.27,14.13
11,2021,16940,Ashland Ave & 50th St,41.803023,-87.664699,4,2,4,1,8,3,7,0.57,0.29,0.57,0.14,1.14,0.43
11,2021,KA1504000159,Sheridan Rd & Greenleaf Ave,42.010587,-87.662412,47,44,66,47,113,91,30,1.57,1.47,2.2,1.57,3.77,3.03
11,2021,15470,Calumet Ave & 51st St,41.80229465088,-87.6180535802,32,32,29,20,61,52,26,1.23,1.23,1.12,0.77,2.35,2.0
11,2021,KA1503000003,Cottage Grove Ave & 71st St,41.76571903697,-87.604959713,1,2,7,5,8,7,8,0.12,0.25,0.88,0.62,1.0,0.88
11,2021,590,Kilbourn Ave & Irving Park Rd,41.953733,-87.740569,16,14,13,7,29,21,19,0.84,0.74,0.68,0.37,1.53,1.11
11,2021,658,Leavitt St & Division St,41.902997,-87.683825,147,127,128,124,275,251,30,4.9,4.23,4.27,4.13,9.17,8.37
11,2021,E014,Lincolnwood Dr & Central St,42.064854,-87.715297,20,13,25,29,45,42,26,0.77,0.5,0.96,1.12,1.73,1.62
11,2021,KA1504000160,Francisco Ave & Foster Ave,41.97563272521,-87.7014194389,72,71,34,40,106,111,29,2.48,2.45,1.17,1.38,3.66,3.83
11,2021,RP-006,Ridge Blvd & Touhy Ave,42.01213227742,-87.6829126443,21,22,17,24,38,46,27,0.78,0.81,0.63,0.89,1.41,1.7
11,2021,16943,Ashland Ave & Garfield Blvd,41.792822,-87.664429,1,1,5,1,6,2,6,0.17,0.17,0.83,0.17,1.0,0.33
11,2021,TA1308000029,Stetson Ave & South Water St,41.88638133333333,-87.62297533333333,421,387,464,387,885,774,30,14.03,12.9,15.47,12.9,29.5,25.8
11,2021,KA1503000014,Ellis Ave & 60th St,41.78509714636,-87.6010727606,639,607,2442,2383,3081,2990,30,21.3,20.23,81.4,79.43,102.7,99.67
11,2021,584,Ellis Ave & 83rd St,41.744123,-87.599034,2,2,9,11,11,13,13,0.15,0.15,0.69,0.85,0.85,1.0
11,2021,KA1504000128,Kedzie Ave & Foster Ave,41.975672,-87.709261,19,16,35,37,54,53,28,0.68,0.57,1.25,1.32,1.93,1.89
11,2021,TA1307000144,Wolcott (Ravenswood) Ave & Montrose Ave,41.961406,-87.676169,157,159,155,126,312,285,30,5.23,5.3,5.17,4.2,10.4,9.5
11,2021,KA1504000143,Leavitt St & Addison St,41.946655,-87.683359,70,75,80,100,150,175,31,2.26,2.42,2.58,3.23,4.84,5.65
11,2021,TA1309000064,Wolcott Ave & Polk St,41.871262,-87.673688,334,311,449,504,783,815,30,11.13,10.37,14.97,16.8,26.1,27.17
11,2021,598,Elmwood Ave & Austin St,42.025784,-87.684107,60,52,35,32,95,84,30,2.0,1.73,1.17,1.07,3.17,2.8
11,2021,KA1503000013,Princeton Ave & Garfield Blvd,41.794982,-87.633124,15,17,16,9,31,26,25,0.6,0.68,0.64,0.36,1.24,1.04
11,2021,KA1706005007,Delano Ct & Roosevelt Rd,41.8675355,-87.63216716666666,210,194,228,212,438,406,30,7.0,6.47,7.6,7.07,14.6,13.53
11,2021,13331,May St & Cullerton St,41.855136,-87.654127,37,36,79,78,116,114,30,1.23,1.2,2.63,2.6,3.87,3.8
11,2021,TA1308000009,Shore Dr & 55th St,41.795212,-87.580715,191,177,465,410,656,587,29,6.59,6.1,16.03,14.14,22.62,20.24
11,2021,TA1305000039,Elston Ave & Cortland St,41.91643342912655,-87.66674637794495,313,317,243,256,556,573,30,10.43,10.57,8.1,8.53,18.53,19.1
11,2021,TA1307000143,Sedgwick St & Schiller St,41.907626,-87.638566,129,120,197,177,326,297,30,4.3,4.0,6.57,5.9,10.87,9.9
11,2021,665,South Chicago Ave & Elliot Ave,41.7473355,-87.58002783333333,8,7,0,0,8,7,10,0.8,0.7,0.0,0.0,0.8,0.7
11,2021,TA1305000010,Michigan Ave & Ida B Wells Dr,41.876243,-87.624426,173,154,253,209,426,363,30,5.77,5.13,8.43,6.97,14.2,12.1
11,2021,13071,Southport Ave & Roscoe St,41.94354466666667,-87.664169,415,427,592,698,1007,1125,30,13.83,14.23,19.73,23.27,33.57,37.5
11,2021,370,Central Park & Augusta Blvd,41.9,-87.72,17,13,0,0,17,13,14,1.21,0.93,0.0,0.0,1.21,0.93
11,2021,15631,Troy St & Elston Ave,41.945244,-87.70665,88,93,25,40,113,133,30,2.93,3.1,0.83,1.33,3.77,4.43
11,2021,KA1503000002,South Shore Dr & 71st St,41.76640133333333,-87.56570466666666,24,24,29,29,53,53,24,1.0,1.0,1.21,1.21,2.21,2.21
11,2021,16948,Ashland Ave & 63rd St,41.779374,-87.664843,7,4,3,0,10,4,10,0.7,0.4,0.3,0.0,1.0,0.4
11,2021,TA1309000019,Lakeview Ave & Fullerton Pkwy,41.925858,-87.638973,419,412,651,625,1070,1037,30,13.97,13.73,21.7,20.83,35.67,34.57
11,2021,TA1305000001,Wabash Ave & Cermak Rd,41.852619,-87.626488,63,65,70,92,133,157,30,2.1,2.17,2.33,3.07,4.43,5.23
11,2021,15628,California Ave & Byron St,41.952162,-87.698051,77,79,27,32,104,111,30,2.57,2.63,0.9,1.07,3.47,3.7
11,2021,KA1503000022,Clark St & Montrose Ave,41.961588,-87.666036,164,155,204,148,368,303,30,5.47,5.17,6.8,4.93,12.27,10.1
11,2021,TA1309000003,Western Ave & 24th St,41.84847,-87.685109,44,44,22,18,66,62,29,1.52,1.52,0.76,0.62,2.28,2.14
11,2021,344,Springfield Ave & 47th St,41.81,-87.72,4,4,0,0,4,4,5,0.8,0.8,0.0,0.0,0.8,0.8
11,2021,TA1308000043,Halsted St & 35th St,41.83066033333333,-87.64709216666667,65,65,35,51,100,116,30,2.17,2.17,1.17,1.7,3.33,3.87
11,2021,KA1504000093,Rockwell St & Eastwood Ave,41.96590013976,-87.6936384935,133,130,68,82,201,212,30,4.43,4.33,2.27,2.73,6.7,7.07
11,2021,592,Knox Ave & Montrose Ave,41.960631,-87.745359,32,27,9,13,41,40,24,1.33,1.12,0.38,0.54,1.71,1.67
11,2021,13108,Broadway & Argyle St,41.97375016666667,-87.65970683333333,210,205,322,302,532,507,30,7.0,6.83,10.73,10.07,17.73,16.9
11,2021,20232,Big Marsh Park,41.685877,-87.573824,3,2,12,12,15,14,8,0.38,0.25,1.5,1.5,1.88,1.75
11,2021,TA1306000014,Wilton Ave & Diversey Pkwy,41.932418,-87.652705,457,454,687,685,1144,1139,30,15.23,15.13,22.9,22.83,38.13,37.97
11,2021,KA1504000129,Western Ave & Granville Ave,41.99416136902,-87.689438282,55,65,18,30,73,95,28,1.96,2.32,0.64,1.07,2.61,3.39
11,2021,TA1309000035,Clark St & Winnemac Ave,41.97334764047304,-87.6678554713726,412,413,439,477,851,890,30,13.73,13.77,14.63,15.9,28.37,29.67
11,2021,20119,Elizabeth St & 92nd St,41.726825,-87.65434366666666,4,3,2,0,6,3,5,0.8,0.6,0.4,0.0,1.2,0.6
11,2021,SL-013,State St & 19th St,41.856594,-87.627542,41,41,88,101,129,142,29,1.41,1.41,3.03,3.48,4.45,4.9
11,2021,382,Kedzie Ave & 48th Pl,41.8,-87.7,17,8,0,0,17,8,12,1.42,0.67,0.0,0.0,1.42,0.67
11,2021,318,Oak Park & Wellington,41.93,-87.8,11,8,0,0,11,8,9,1.22,0.89,0.0,0.0,1.22,0.89
11,2021,384,Kedzie Ave & 52nd St,41.8,-87.7,9,4,0,0,9,4,9,1.0,0.44,0.0,0.0,1.0,0.44
11,2021,16950,Ashland Ave & 66th St,41.7741045,-87.66380083333334,4,3,2,1,6,4,7,0.57,0.43,0.29,0.14,0.86,0.57
11,2021,13245,Claremont Ave & Hirsch St,41.907781,-87.685854,84,80,98,101,182,181,30,2.8,2.67,3.27,3.37,6.07,6.03
11,2021,13155,Racine Ave & Randolph St,41.883994666666666,-87.65704483333333,192,187,184,201,376,388,30,6.4,6.23,6.13,6.7,12.53,12.93
11,2021,15644,Central Park Ave & Elbridge Ave,41.935337,-87.716889,127,115,41,47,168,162,30,4.23,3.83,1.37,1.57,5.6,5.4
11,2021,13132,Damen Ave & Chicago Ave,41.89562,-87.6771395,420,426,375,421,795,847,30,14.0,14.2,12.5,14.03,26.5,28.23
11,2021,TA1307000136,Clark St & Wellington Ave,41.9364968219,-87.6475386582,389,383,624,611,1013,994,30,12.97,12.77,20.8,20.37,33.77,33.13
11,2021,13099,Halsted St & 18th St (Temp),41.8583706903062,-87.64638841152191,134,134,98,115,232,249,30,4.47,4.47,3.27,3.83,7.73,8.3
11,2021,15546,Calumet Ave & 21st St,41.85418424947,-87.6191537415,85,88,102,95,187,183,29,2.93,3.03,3.52,3.28,6.45,6.31
11,2021,13434,Ashland Ave & Grand Ave,41.89112983333333,-87.6666635,182,191,132,168,314,359,30,6.07,6.37,4.4,5.6,10.47,11.97
11,2021,13354,Ashland Ave & 13th St,41.865234,-87.666507,84,98,89,143,173,241,30,2.8,3.27,2.97,4.77,5.77,8.03
11,2021,13304,Racine Ave & 15th St,41.86128016666667,-87.6566395,118,104,86,76,204,180,30,3.93,3.47,2.87,2.53,6.8,6.0
11,2021,16915,Central Ave & Harrison St,41.872993,-87.764499,13,12,3,4,16,16,14,0.93,0.86,0.21,0.29,1.14,1.14
11,2021,15535,Desplaines St & Randolph St,41.88461618962,-87.6445705849,301,284,395,365,696,649,30,10.03,9.47,13.17,12.17,23.2,21.63
11,2021,KA1503000038,Shields Ave & 31st St,41.838464,-87.635406,76,61,201,165,277,226,30,2.53,2.03,6.7,5.5,9.23,7.53
11,2021,KA1504000117,Halsted St & North Branch St,41.89936843921,-87.6484798752,81,71,55,66,136,137,30,2.7,2.37,1.83,2.2,4.53,4.57
11,2021,13143,Damen Ave & Melrose Ave,41.940563833333336,-87.678549,71,68,89,94,160,162,30,2.37,2.27,2.97,3.13,5.33,5.4
11,2021,399,Lavergne Ave & 46th St,41.81,-87.75,15,14,0,0,15,14,13,1.15,1.08,0.0,0.0,1.15,1.08
11,2021,TA1307000044,Clinton St & 18th St,41.85795,-87.640826,94,97,110,121,204,218,31,3.03,3.13,3.55,3.9,6.58,7.03
11,2021,20255.0,N Damen Ave & W Chicago Ave,41.9,-87.68,10,9,0,0,10,9,10,1.0,0.9,0.0,0.0,1.0,0.9
11,2021,TA1307000129,State St & 35th St,41.831036,-87.626798,127,142,181,236,308,378,30,4.23,4.73,6.03,7.87,10.27,12.6
11,2021,13290,Noble St & Milwaukee Ave,41.90067466666667,-87.66261666666666,244,240,301,325,545,565,31,7.87,7.74,9.71,10.48,17.58,18.23
11,2021,15667,Western Ave & Monroe St,41.8797245,-87.68608683333333,126,105,35,47,161,152,30,4.2,3.5,1.17,1.57,5.37,5.07
11,2021,KA1503000029,South Shore Dr & 67th St,41.773643,-87.567514,10,11,26,23,36,34,23,0.43,0.48,1.13,1.0,1.57,1.48
11,2021,380,Fairfield Ave & 44th St,41.81,-87.69,9,2,0,0,9,2,10,0.9,0.2,0.0,0.0,0.9,0.2
11,2021,TA1307000064,Lincoln Ave & Diversey Pkwy,41.932225,-87.658617,366,359,659,618,1025,977,30,12.2,11.97,21.97,20.6,34.17,32.57
11,2021,TA1309000033,Sheffield Ave & Webster Ave,41.92154,-87.653818,404,421,494,587,898,1008,30,13.47,14.03,16.47,19.57,29.93,33.6
11,2021,15442,Ashland Ave & Archer Ave,41.839235333333335,-87.66570466666667,22,20,36,31,58,51,26,0.85,0.77,1.38,1.19,2.23,1.96
11,2021,TA1307000153,Emerald Ave & 28th St,41.84358,-87.645368,43,40,137,144,180,184,30,1.43,1.33,4.57,4.8,6.0,6.13
11,2021,RP-002,Warren Park East,42.004577833333336,-87.68064333333334,40,46,22,15,62,61,30,1.33,1.53,0.73,0.5,2.07,2.03
11,2021,KA1503000032,Union Ave & Root St,41.81910916666666,-87.64328,16,15,3,18,19,33,22,0.73,0.68,0.14,0.82,0.86,1.5
11,2021,TA1308000045,Wallace St & 35th St,41.834533,-87.64120283333334,44,37,114,112,158,149,30,1.47,1.23,3.8,3.73,5.27,4.97
11,2021,620,Orleans St & Chestnut St (NEXT Apts),41.8980185,-87.6375455,310,278,380,336,690,614,30,10.33,9.27,12.67,11.2,23.0,20.47
11,2021,20121,Loomis Blvd & 84th St,41.74148652861805,-87.65841007232666,3,1,2,3,5,4,6,0.5,0.17,0.33,0.5,0.83,0.67
11,2021,445,Western Ave & Gunnison St,41.97,-87.69,45,35,0,0,45,35,23,1.96,1.52,0.0,0.0,1.96,1.52
11,2021,377,Bloomingdale Ave & Harlem Ave,41.91,-87.81,4,1,0,0,4,1,5,0.8,0.2,0.0,0.0,0.8,0.2
11,2021,398,Long & Irving Park,41.95,-87.76,55,44,0,0,55,44,28,1.96,1.57,0.0,0.0,1.96,1.57
11,2021,SL-010,Financial Pl & Ida B Wells Dr,41.8750236280333,-87.6330940425396,263,249,324,320,587,569,31,8.48,8.03,10.45,10.32,18.94,18.35
11,2021,13053,Green St & Randolph St,41.883668,-87.64867,494,515,541,637,1035,1152,30,16.47,17.17,18.03,21.23,34.5,38.4
11,2021,13102,Calumet Ave & 18th St,41.857611,-87.619407,229,228,227,234,456,462,30,7.63,7.6,7.57,7.8,15.2,15.4
11,2021,SL-007,State St & Harrison St,41.8740375,-87.627743,206,204,266,257,472,461,30,6.87,6.8,8.87,8.57,15.73,15.37
11,2021,13196,Carpenter St & Huron St,41.894556,-87.653449,453,431,296,268,749,699,30,15.1,14.37,9.87,8.93,24.97,23.3
11,2021,TA1307000117,Wabash Ave & Grand Ave,41.891466,-87.626761,682,695,952,995,1634,1690,30,22.73,23.17,31.73,33.17,54.47,56.33
11,2021,385,St Louis Ave & Norman Bobbins Ave,41.79,-87.71,9,5,0,0,9,5,10,0.9,0.5,0.0,0.0,0.9,0.5
11,2021,KA1504000082,Kedzie Ave & Harrison St,41.873654,-87.70486383333333,4,2,6,2,10,4,10,0.4,0.2,0.6,0.2,1.0,0.4
11,2021,TA1307000142,Clark St & Drummond Pl,41.931248,-87.644336,497,507,742,770,1239,1277,30,16.57,16.9,24.73,25.67,41.3,42.57
11,2021,15443,Shields Ave & 28th Pl,41.842733,-87.635491,33,30,92,83,125,113,29,1.14,1.03,3.17,2.86,4.31,3.9
11,2021,KA1504000113,Sacramento Blvd & Franklin Blvd,41.890507,-87.70259833333333,9,6,16,16,25,22,22,0.41,0.27,0.73,0.73,1.14,1.0
11,2021,LP-,Lincoln Park Conservatory,41.923931,-87.635825,167,178,315,358,482,536,30,5.57,5.93,10.5,11.93,16.07,17.87
11,2021,458,Washtenaw Ave & Peterson Ave,41.99,-87.7,9,2,0,0,9,2,6,1.5,0.33,0.0,0.0,1.5,0.33
11,2021,13144,Seeley Ave & Roscoe St,41.943312,-87.67970283333334,181,182,142,159,323,341,30,6.03,6.07,4.73,5.3,10.77,11.37
11,2021,13269,Ashland Ave & Wellington Ave,41.936083,-87.669807,189,193,164,190,353,383,30,6.3,6.43,5.47,6.33,11.77,12.77
11,2021,TA1309000041,Sheridan Rd & Lawrence Ave,41.969517,-87.654691,157,151,209,220,366,371,30,5.23,5.03,6.97,7.33,12.2,12.37
11,2021,KA1503000009,Princeton Ave & 47th St,41.8093405,-87.63346866666667,12,11,14,15,26,26,25,0.48,0.44,0.56,0.6,1.04,1.04
11,2021,20227,Bradley Park,41.717878301935,-87.56459176540375,1,1,3,2,4,3,5,0.2,0.2,0.6,0.4,0.8,0.6
11,2021,TA1308000022,Pine Grove Ave & Irving Park Rd,41.954383,-87.648043,282,266,507,404,789,670,31,9.1,8.58,16.35,13.03,25.45,21.61
11,2021,471,Damen Ave & 33rd St,41.83,-87.68,10,6,0,0,10,6,7,1.43,0.86,0.0,0.0,1.43,0.86
11,2021,585,Cottage Grove Ave & 83rd St,41.743441,-87.604836,6,5,1,7,7,12,15,0.4,0.33,0.07,0.47,0.47,0.8
11,2021,RP-004,Oakley Ave & Touhy Ave,42.012342,-87.688243,12,13,9,18,21,31,24,0.5,0.54,0.38,0.75,0.88,1.29
11,2021,20238,Greenwood Ave & 97th St,41.71870315475741,-87.59703576564789,4,2,3,1,7,3,7,0.57,0.29,0.43,0.14,1.0,0.43
11,2021,KA1503000033,Eberhart Ave & 61st St,41.78413033333333,-87.61320633333334,15,16,10,5,25,21,21,0.71,0.76,0.48,0.24,1.19,1.0
11,2021,KA1503000021,Stony Island Ave & 64th St,41.77884383333333,-87.58671283333334,17,16,8,4,25,20,19,0.89,0.84,0.42,0.21,1.32,1.05
11,2021,15449,State St & Pershing Rd,41.82301523798,-87.6265680185,5,5,3,2,8,7,9,0.56,0.56,0.33,0.22,0.89,0.78
11,2021,E007,Central St & Girard Ave,42.06422233333333,-87.68618066666667,23,28,24,27,47,55,28,0.82,1.0,0.86,0.96,1.68,1.96
11,2021,RP-001,Warren Park West,42.001785,-87.688829,28,26,24,33,52,59,28,1.0,0.93,0.86,1.18,1.86,2.11
11,2021,KA1503000073,MLK Jr Dr & 56th St,41.79342945658,-87.6158532619,7,5,9,5,16,10,14,0.5,0.36,0.64,0.36,1.14,0.71
11,2021,18067,Walsh Park,41.91461,-87.667968,174,142,339,289,513,431,30,5.8,4.73,11.3,9.63,17.1,14.37
11,2021,KA1503000025,Wentworth Ave & 63rd St,41.78011983333333,-87.6297705,23,16,11,4,34,20,21,1.1,0.76,0.52,0.19,1.62,0.95
11,2021,KA1504000168,Western & 28th - Velasquez Institute Vaccination Site,41.84151770807,-87.6851314409,5,2,3,0,8,2,6,0.83,0.33,0.5,0.0,1.33,0.33
11,2021,20118,Eggleston Ave & 92nd St,41.727628,-87.63487483333333,14,4,0,0,14,4,12,1.17,0.33,0.0,0.0,1.17,0.33
11,2021,TA1309000012,Damen Ave & Sunnyside Ave,41.96325,-87.679258,80,73,141,124,221,197,30,2.67,2.43,4.7,4.13,7.37,6.57
11,2021,KA1503000053,MLK Jr Dr & 63rd St,41.780081,-87.615943,19,19,6,6,25,25,19,1.0,1.0,0.32,0.32,1.32,1.32
11,2021,525,Glenwood Ave & Touhy Ave,42.012701,-87.666058,25,27,95,90,120,117,29,0.86,0.93,3.28,3.1,4.14,4.03
11,2021,20252.0,W Oakdale Ave & N Broadway,41.94,-87.64,128,129,0,0,128,129,29,4.41,4.45,0.0,0.0,4.41,4.45
11,2021,13058,Dayton St & North Ave,41.9105780349,-87.6494219288,311,305,395,389,706,694,30,10.37,10.17,13.17,12.97,23.53,23.13
11,2021,20253.0,N Paulina St & Lincoln Ave,41.94,-87.67,59,52,0,0,59,52,29,2.03,1.79,0.0,0.0,2.03,1.79
11,2021,KA1504000171,Marine Dr & Ainslie St,41.971616,-87.650187,173,150,169,144,342,294,30,5.77,5.0,5.63,4.8,11.4,9.8
11,2021,15653,Troy St & North Ave,41.90983516666667,-87.7053275,116,105,55,46,171,151,30,3.87,3.5,1.83,1.53,5.7,5.03
11,2021,TA1307000164,Woodlawn Ave & 55th St,41.795264,-87.596471,145,120,616,533,761,653,30,4.83,4.0,20.53,17.77,25.37,21.77
11,2021,16906,Austin Blvd & Lake St,41.88792166666666,-87.7744725,37,33,6,6,43,39,25,1.48,1.32,0.24,0.24,1.72,1.56
11,2021,TA1307000161,Halsted St & 37th St,41.8271055,-87.64567083333333,29,31,12,25,41,56,28,1.04,1.11,0.43,0.89,1.46,2.0
11,2021,16933,Morgan St & Pershing Rd,41.823613,-87.650931,13,16,7,9,20,25,24,0.54,0.67,0.29,0.38,0.83,1.04
11,2021,KA1504000158,Oakley Ave & Irving Park Rd,41.95434085219,-87.6860796243,47,51,82,96,129,147,29,1.62,1.76,2.83,3.31,4.45,5.07
11,2021,434,Albany Ave & Belmont Ave,41.94,-87.71,43,40,0,0,43,40,24,1.79,1.67,0.0,0.0,1.79,1.67
11,2021,631,Malcolm X College Vaccination Site,41.877628,-87.67392333333333,53,43,69,49,122,92,28,1.89,1.54,2.46,1.75,4.36,3.29
11,2021,TA1306000006,Orleans St & Elm St,41.90294,-87.6377365,133,121,194,161,327,282,30,4.43,4.03,6.47,5.37,10.9,9.4
11,2021,20223,Ewing Ave & Burnham Greenway,41.71274876109496,-87.53481388092041,0,0,1,1,1,1,1,0.0,0.0,1.0,1.0,1.0,1.0
11,2021,313,Long Ave & Belden Ave,41.92,-87.76,48,31,0,0,48,31,28,1.71,1.11,0.0,0.0,1.71,1.11
11,2021,15491,63rd St Beach,41.78091096424803,-87.57632374763489,6,7,23,28,29,35,18,0.33,0.39,1.28,1.56,1.61,1.94
11,2021,KA1503000028,Jeffery Blvd & 76th St,41.75710816666667,-87.57578966666667,5,3,1,3,6,6,7,0.71,0.43,0.14,0.43,0.86,0.86
11,2021,20113,Dauphin Ave & 103rd St,41.7072503677818,-87.60766267776489,4,2,2,2,6,4,6,0.67,0.33,0.33,0.33,1.0,0.67
11,2021,TA1308000002,Greenwood Ave & 47th St,41.809835,-87.599383,53,41,62,65,115,106,30,1.77,1.37,2.07,2.17,3.83,3.53
11,2021,20210,State St & 123rd St,41.6706775,-87.622722,11,10,0,0,11,10,12,0.92,0.83,0.0,0.0,0.92,0.83
11,2021,KA1503000055,Halsted & 63rd - Kennedy-King Vaccination Site,41.77938114228,-87.6446208145,4,3,11,3,15,6,14,0.29,0.21,0.79,0.21,1.07,0.43
11,2021,18022,Archer (Damen) Ave & 37th St,41.82672216666667,-87.68318966666666,6,7,17,16,23,23,16,0.38,0.44,1.06,1.0,1.44,1.44
11,2021,472,Elston Ave & George St,41.93,-87.69,38,35,0,0,38,35,22,1.73,1.59,0.0,0.0,1.73,1.59
11,2021,13059,Bissell St & Armitage Ave,41.91844,-87.65222,377,402,475,553,852,955,30,12.57,13.4,15.83,18.43,28.4,31.83
11,2021,462,Lincoln Ave & Peterson Ave,41.99,-87.71,11,6,0,0,11,6,11,1.0,0.55,0.0,0.0,1.0,0.55
11,2021,16937,Ashland Ave & McDowell Ave,41.80887,-87.66454,6,4,7,5,13,9,13,0.46,0.31,0.54,0.38,1.0,0.69
11,2021,518,Conservatory Dr & Lake St,41.885502,-87.716866,34,39,16,15,50,54,27,1.26,1.44,0.59,0.56,1.85,2.0
11,2021,20257.0,N Southport Ave & W Newport Ave,41.94,-87.66,47,51,0,0,47,51,18,2.61,2.83,0.0,0.0,2.61,2.83
11,2021,13289,Eckhart Park,41.896399,-87.66101833333333,294,287,328,345,622,632,30,9.8,9.57,10.93,11.5,20.73,21.07
11,2021,TA1307000066,Damen Ave & Coulter St,41.849180833333335,-87.675658,26,29,8,16,34,45,27,0.96,1.07,0.3,0.59,1.26,1.67
11,2021,429,Francisco Ave & Bloomingdale Ave,41.91,-87.7,19,10,0,0,19,10,13,1.46,0.77,0.0,0.0,1.46,0.77
11,2021,371,Kildare Ave & Chicago Ave,41.9,-87.73,5,4,0,0,5,4,7,0.71,0.57,0.0,0.0,0.71,0.57
11,2021,444,N Shore Channel Trail & Argyle Ave,41.97,-87.7,3,2,0,0,3,2,3,1.0,0.67,0.0,0.0,1.0,0.67
11,2021,KA1503000004,Lake Park Ave & 35th St,41.83130083333333,-87.6088215,43,38,41,45,84,83,29,1.48,1.31,1.41,1.55,2.9,2.86
11,2021,TA1305000002,Wabash Ave & Roosevelt Rd,41.867199,-87.62602366666667,462,457,750,768,1212,1225,30,15.4,15.23,25.0,25.6,40.4,40.83
11,2021,KA1503000045,Stony Island Ave & 71st St,41.766493,-87.586461,17,15,4,6,21,21,18,0.94,0.83,0.22,0.33,1.17,1.17
11,2021,20225,Commercial Ave & 100th St,41.71331739547703,-87.55109757184982,4,0,1,2,5,2,4,1.0,0.0,0.25,0.5,1.25,0.5
11,2021,RP-007,Clark St & Touhy Ave,42.01259983333333,-87.67428216666667,58,50,18,18,76,68,30,1.93,1.67,0.6,0.6,2.53,2.27
11,2021,16903,Cicero Ave & Lake St,41.886841,-87.745261,10,6,7,3,17,9,18,0.56,0.33,0.39,0.17,0.94,0.5
11,2021,KA1504000101,Ogden Ave & Roosevelt Rd,41.8664775,-87.6846355,35,29,48,36,83,65,29,1.21,1.0,1.66,1.24,2.86,2.24
11,2021,436,Kedzie Ave & George St,41.93,-87.71,40,33,0,0,40,33,17,2.35,1.94,0.0,0.0,2.35,1.94
11,2021,650,Eggleston Ave & 69th St,41.768898,-87.635876,4,1,6,5,10,6,10,0.4,0.1,0.6,0.5,1.0,0.6
11,2021,KA1504000175,Glenwood Ave & Morse Ave,42.00797192287,-87.6655023944,129,132,129,131,258,263,30,4.3,4.4,4.3,4.37,8.6,8.77
11,2021,15668,Western Ave & Congress Pkwy,41.87466066666666,-87.68651,191,156,93,87,284,243,30,6.37,5.2,3.1,2.9,9.47,8.1
11,2021,15689,California Ave & 23rd Pl,41.84910969176,-87.6951398068,26,28,26,20,52,48,28,0.93,1.0,0.93,0.71,1.86,1.71
11,2021,346,Kedzie Ave & 57th St,41.79,-87.7,16,16,0,0,16,16,16,1.0,1.0,0.0,0.0,1.0,1.0
11,2021,16916,Central Ave & Madison St,41.880121,-87.763238,3,3,15,12,18,15,20,0.15,0.15,0.75,0.6,0.9,0.75
11,2021,KA1503000020,South Shore Dr & 74th St,41.762189,-87.559275,5,6,4,8,9,14,16,0.31,0.38,0.25,0.5,0.56,0.88
11,2021,662,Dodge Ave & Mulford St,42.023709833333335,-87.69963466666667,15,18,15,15,30,33,24,0.62,0.75,0.62,0.62,1.25,1.38
11,2021,20228,Constance Ave & 95th St,41.72206083333333,-87.57899116666667,8,3,2,2,10,5,7,1.14,0.43,0.29,0.29,1.43,0.71
11,2021,20105,Halsted St & 96th St,41.719711333333336,-87.64283833333333,23,11,0,2,23,13,19,1.21,0.58,0.0,0.11,1.21,0.68
11,2021,KA1503000027,Prairie Ave & 43rd St,41.81668116666667,-87.61940433333334,20,12,16,6,36,18,20,1.0,0.6,0.8,0.3,1.8,0.9
11,2021,20242,Houston Ave & 92nd St,41.72819433333333,-87.549622,3,1,0,1,3,2,4,0.75,0.25,0.0,0.25,0.75,0.5
11,2021,13249,Ashland Ave & Belle Plaine Ave,41.95601883333333,-87.66886116666667,70,62,123,105,193,167,30,2.33,2.07,4.1,3.5,6.43,5.57
11,2021,20245,Ashland Ave & 74th St,41.75914183333333,-87.66350266666667,6,7,2,2,8,9,10,0.6,0.7,0.2,0.2,0.8,0.9
11,2021,528,Pulaski Rd & Lake St,41.88537483333333,-87.726607,32,27,2,0,34,27,23,1.39,1.17,0.09,0.0,1.48,1.17
11,2021,20260.0,Ping Tom Park (East),41.86,-87.63,4,3,0,0,4,3,5,0.8,0.6,0.0,0.0,0.8,0.6
11,2021,13271,Damen Ave & Clybourn Ave,41.931931,-87.677856,161,156,102,89,263,245,30,5.37,5.2,3.4,2.97,8.77,8.17
11,2021,540,Laramie Ave & Madison St,41.880207,-87.755337,4,4,3,3,7,7,8,0.5,0.5,0.38,0.38,0.88,0.88
11,2021,576,Greenwood Ave & 79th St,41.751294,-87.597552,0,0,4,3,4,3,6,0.0,0.0,0.67,0.5,0.67,0.5
11,2021,305,Menard Ave & Division St,41.9,-87.77,7,6,0,0,7,6,10,0.7,0.6,0.0,0.0,0.7,0.6
11,2021,586,MLK Jr Dr & 83rd St,41.743116,-87.6148,0,0,1,2,1,2,2,0.0,0.0,0.5,1.0,0.5,1.0
11,2021,335.0,Komensky Ave & 31st St,41.84,-87.73,10,10,0,0,10,10,10,1.0,1.0,0.0,0.0,1.0,1.0
11,2021,20104,State St & 95th St,41.7218499,-87.6228544,47,45,8,8,55,53,29,1.62,1.55,0.28,0.28,1.9,1.83
11,2021,20243,Michigan Ave & 114th St,41.68701479467118,-87.62105226516724,0,0,1,0,1,0,1,0.0,0.0,1.0,0.0,1.0,0.0
11,2021,KA1504000141,Pulaski Rd & Eddy St (Temp),41.946264,-87.731023,18,21,8,8,26,29,22,0.82,0.95,0.36,0.36,1.18,1.32
11,2021,20236,Stony Island Ave & 90th St,41.73140183333334,-87.58580616666667,23,17,1,4,24,21,18,1.28,0.94,0.06,0.22,1.33,1.17
11,2021,473,Mason Ave & Belmont Ave,41.94,-87.77,16,8,0,0,16,8,14,1.14,0.57,0.0,0.0,1.14,0.57
11,2021,KA1504000126,Kedzie Ave & Leland Ave,41.966683833333335,-87.70807283333333,66,61,14,16,80,77,28,2.36,2.18,0.5,0.57,2.86,2.75
11,2021,20233,Halsted St & 78th St,41.75255383333333,-87.643655,9,3,4,2,13,5,10,0.9,0.3,0.4,0.2,1.3,0.5
11,2021,KA1504000164,Keystone Ave & Montrose Ave,41.96110801623,-87.7289701012,25,27,3,14,28,41,23,1.09,1.17,0.13,0.61,1.22,1.78
11,2021,402,Kenneth Ave & 50th St,41.8,-87.73,7,8,0,0,7,8,8,0.88,1.0,0.0,0.0,0.88,1.0
11,2021,20204,Kedzie Ave & 110th St,41.69239474587557,-87.70096063613892,8,2,1,1,9,3,10,0.8,0.2,0.1,0.1,0.9,0.3
11,2021,428,Milwaukee Ave & Fullerton Ave,41.92,-87.7,121,107,0,0,121,107,30,4.03,3.57,0.0,0.0,4.03,3.57
11,2021,349,Spaulding Ave & 63rd St,41.78,-87.71,10,7,0,0,10,7,10,1.0,0.7,0.0,0.0,1.0,0.7
11,2021,KA1504000086,Kedzie Ave & 24th St,41.84819094491,-87.7054137458,8,3,3,0,11,3,12,0.67,0.25,0.25,0.0,0.92,0.25
11,2021,20125,Halsted St & 104th St,41.70513978893236,-87.6424241065979,0,0,2,0,2,0,2,0.0,0.0,1.0,0.0,1.0,0.0
11,2021,593,Halsted St & 59th St,41.787539,-87.644874,0,0,2,3,2,3,4,0.0,0.0,0.5,0.75,0.5,0.75
11,2021,KA1503000010,Halsted St & 51st St,41.80177166666667,-87.64525133333333,2,2,2,2,4,4,3,0.67,0.67,0.67,0.67,1.33,1.33
11,2021,373,Augusta Blvd & Laramie Ave,41.9,-87.76,15,4,0,0,15,4,13,1.15,0.31,0.0,0.0,1.15,0.31
11,2021,580,Exchange Ave & 79th St,41.751731,-87.552812,16,13,20,14,36,27,17,0.94,0.76,1.18,0.82,2.12,1.59
11,2021,332.0,Harding Ave & 26th St,41.84,-87.72,4,1,0,0,4,1,4,1.0,0.25,0.0,0.0,1.0,0.25
11,2021,331.0,Pulaski Rd & 21st St,41.85,-87.72,20,24,0,0,20,24,24,0.83,1.0,0.0,0.0,0.83,1.0
11,2021,314,Narragansett & Wrightwood,41.93,-87.79,60,43,0,0,60,43,23,2.61,1.87,0.0,0.0,2.61,1.87
11,2021,442,Lincoln Ave & Balmoral Ave,41.98,-87.69,51,55,0,0,51,55,27,1.89,2.04,0.0,0.0,1.89,2.04
11,2021,15687,Central Park Ave & 24th St,41.84814683333333,-87.7150515,6,6,5,4,11,10,11,0.55,0.55,0.45,0.36,1.0,0.91
11,2021,652,Rhodes Ave & 71st St,41.766,-87.611726,4,1,3,7,7,8,8,0.5,0.12,0.38,0.88,0.88,1.0
11,2021,KA1503000047,Perry Ave & 69th St,41.76929308995,-87.6281959291,1,1,4,4,5,5,6,0.17,0.17,0.67,0.67,0.83,0.83
11,2021,15541,Buckingham Fountain,41.8765351944122,-87.62047290802002,58,57,134,129,192,186,30,1.93,1.9,4.47,4.3,6.4,6.2
11,2021,404,Pulaski Rd & 60th St,41.78,-87.72,16,7,0,0,16,7,12,1.33,0.58,0.0,0.0,1.33,0.58
11,2021,599,Valli Produce - Evanston Plaza,42.03964166666667,-87.69942633333334,45,42,10,12,55,54,25,1.8,1.68,0.4,0.48,2.2,2.16
11,2021,TA1309000053,Cottage Grove Ave & 47th St,41.809855,-87.606755,16,17,66,65,82,82,29,0.55,0.59,2.28,2.24,2.83,2.83
11,2021,13213,State St & 29th St,41.84172,-87.62699466666666,16,16,25,50,41,66,27,0.59,0.59,0.93,1.85,1.52,2.44
11,2021,387,St Louis Ave & 59th St,41.79,-87.71,2,5,0,0,2,5,5,0.4,1.0,0.0,0.0,0.4,1.0
11,2021,15446,Racine Ave & 35th St,41.83069611252,-87.6559759116,25,26,31,37,56,63,26,0.96,1.0,1.19,1.42,2.15,2.42
11,2021,KA1503000031,Cottage Grove Ave & 67th St,41.773723,-87.60563483333334,1,2,13,6,14,8,14,0.07,0.14,0.93,0.43,1.0,0.57
11,2021,425,Rockwell St & Cermak Rd,41.85,-87.69,23,19,0,0,23,19,22,1.05,0.86,0.0,0.0,1.05,0.86
11,2021,20222,Burnham Greenway & 105th St,41.7046085,-87.528418,4,4,1,3,5,7,6,0.67,0.67,0.17,0.5,0.83,1.17
11,2021,20209,S Michigan Ave & E 118th St,41.68,-87.62,6,1,0,0,6,1,6,1.0,0.17,0.0,0.0,1.0,0.17
11,2021,20123,Western Ave & 104th St,41.70458710218908,-87.68120348453522,26,19,1,4,27,23,21,1.24,0.9,0.05,0.19,1.29,1.1
11,2021,20205,Western Ave & 111th St,41.69115283333333,-87.68131816666667,14,7,2,1,16,8,14,1.0,0.5,0.14,0.07,1.14,0.57
11,2021,561,Damen Ave & 59th St,41.78605216666666,-87.67413616666667,5,4,0,1,5,5,5,1.0,0.8,0.0,0.2,1.0,1.0
11,2021,13215,Rhodes Ave & 32nd St,41.836208,-87.613533,103,88,194,128,297,216,30,3.43,2.93,6.47,4.27,9.9,7.2
11,2021,545,Kostner Ave & Adams St,41.87794983333333,-87.73600233333333,8,1,0,0,8,1,8,1.0,0.12,0.0,0.0,1.0,0.12
11,2021,KA1503000049,Rainbow Beach,41.75787144829,-87.54938625,4,2,5,7,9,9,8,0.5,0.25,0.62,0.88,1.12,1.12
11,2021,KA1503000018,Jeffery Blvd & 71st St,41.76659183333334,-87.57634183333333,12,11,8,9,20,20,18,0.67,0.61,0.44,0.5,1.11,1.11
11,2021,560,Marshfield Ave & 59th St,41.78677916666667,-87.66618116666666,2,4,0,2,2,6,7,0.29,0.57,0.0,0.29,0.29,0.86
11,2021,575,Cottage Grove Ave & 78th St,41.75317983333333,-87.60497283333333,6,7,4,2,10,9,10,0.6,0.7,0.4,0.2,1.0,0.9
11,2021,553,Elizabeth St & 47th St,41.80839,-87.656526,1,1,1,7,2,8,7,0.14,0.14,0.14,1.0,0.29,1.14
11,2021,651,Michigan Ave & 71st St,41.765286,-87.621748,4,3,1,2,5,5,7,0.57,0.43,0.14,0.29,0.71,0.71
11,2021,KA1503000030,Jeffery Blvd & 67th St,41.77351755125,-87.5771428255,7,7,17,15,24,22,17,0.41,0.41,1.0,0.88,1.41,1.29
11,2021,20110,Eberhart Ave & 91st St,41.729259,-87.61169883333334,4,7,3,5,7,12,14,0.29,0.5,0.21,0.36,0.5,0.86
11,2021,535,Pulaski Rd & Congress Pkwy,41.874325,-87.725704,6,5,4,3,10,8,9,0.67,0.56,0.44,0.33,1.11,0.89
11,2021,569,Woodlawn Ave & 75th St,41.75916,-87.595751,0,0,3,0,3,0,2,0.0,0.0,1.5,0.0,1.5,0.0
11,2021,16932,Ashland Ave & Pershing Rd,41.8234315,-87.665601,12,12,12,8,24,20,20,0.6,0.6,0.6,0.4,1.2,1.0
11,2021,352,Sayre & Diversey,41.93,-87.8,7,5,0,0,7,5,10,0.7,0.5,0.0,0.0,0.7,0.5
11,2021,366.0,Spaulding Ave & 16th St,41.86,-87.71,3,3,0,0,3,3,3,1.0,1.0,0.0,0.0,1.0,1.0
11,2021,649,Stewart Ave & 63rd St,41.779835,-87.634774,14,12,3,2,17,14,18,0.78,0.67,0.17,0.11,0.94,0.78
11,2021,446,Francisco Ave & Montrose Ave,41.96,-87.7,12,14,0,0,12,14,13,0.92,1.08,0.0,0.0,0.92,1.08
11,2021,20230,Clyde Ave & 87th St,41.73715146431056,-87.57274031639099,1,0,5,5,6,5,9,0.11,0.0,0.56,0.56,0.67,0.56
11,2021,375,Long Ave & North Ave,41.91,-87.76,9,6,0,0,9,6,7,1.29,0.86,0.0,0.0,1.29,0.86
11,2021,20116,Dauphin Ave & 87th St,41.736559,-87.601258,0,0,6,4,6,4,9,0.0,0.0,0.67,0.44,0.67,0.44
11,2021,559,Racine Ave & Garfield Blvd,41.794228,-87.655073,7,4,2,7,9,11,15,0.47,0.27,0.13,0.47,0.6,0.73
11,2021,543,Laramie Ave & Gladys Ave,41.875806,-87.755285,1,1,4,4,5,5,7,0.14,0.14,0.57,0.57,0.71,0.71
11,2021,KA1504000110,Millard Ave & 26th St,41.84459866666667,-87.7159065,14,8,17,10,31,18,20,0.7,0.4,0.85,0.5,1.55,0.9
11,2021,441,Virginia Ave & Catalpa Ave,41.98,-87.7,15,16,0,0,15,16,14,1.07,1.14,0.0,0.0,1.07,1.14
11,2021,557,Seeley Ave & Garfield Blvd,41.794087,-87.675478,0,0,2,0,2,0,2,0.0,0.0,1.0,0.0,1.0,0.0
11,2021,KA1504000091,Hoyne Ave & 47th St,41.808227,-87.67718,9,7,5,7,14,14,15,0.6,0.47,0.33,0.47,0.93,0.93
11,2021,390,California Ave & Marquette Rd,41.77,-87.69,12,3,0,0,12,3,10,1.2,0.3,0.0,0.0,1.2,0.3
11,2021,379,Rockwell St & Archer Ave,41.82,-87.69,22,14,0,0,22,14,17,1.29,0.82,0.0,0.0,1.29,0.82
11,2021,20244,Halsted St & 73rd St,41.761605,-87.644161,2,1,0,1,2,2,3,0.67,0.33,0.0,0.33,0.67,0.67
11,2021,588,South Chicago Ave & 83rd St,41.743921,-87.575225,4,1,4,2,8,3,7,0.57,0.14,0.57,0.29,1.14,0.43
11,2021,KA1503000046,Dorchester Ave & 63rd St,41.7804056457,-87.5914159893,9,10,18,21,27,31,25,0.36,0.4,0.72,0.84,1.08,1.24
11,2021,20237,Yates Blvd & 93rd St,41.72617283333334,-87.566362,14,12,0,1,14,13,11,1.27,1.09,0.0,0.09,1.27,1.18
11,2021,20226,Oglesby Ave & 100th St,41.713316166666665,-87.56588683333334,2,2,4,3,6,5,6,0.33,0.33,0.67,0.5,1.0,0.83
11,2021,319,Roscoe & Harlem,41.94,-87.81,3,1,0,0,3,1,3,1.0,0.33,0.0,0.0,1.0,0.33
11,2021,20124,Vincennes Ave & 104th St,41.70498333333333,-87.65699066666667,7,7,0,0,7,7,8,0.88,0.88,0.0,0.0,0.88,0.88
11,2021,577,Stony Island Ave & South Chicago Ave,41.7511435,-87.5853735,7,3,2,4,9,7,10,0.7,0.3,0.2,0.4,0.9,0.7
11,2021,406,Kostner Ave & 63rd St,41.78,-87.73,13,16,0,0,13,16,15,0.87,1.07,0.0,0.0,0.87,1.07
11,2021,339,Sacramento Ave & Pershing Rd,41.82,-87.7,9,2,0,0,9,2,7,1.29,0.29,0.0,0.0,1.29,0.29
11,2021,353,Meade Ave & Diversey Ave,41.93,-87.78,28,23,0,0,28,23,18,1.56,1.28,0.0,0.0,1.56,1.28
11,2021,554,Damen Ave & 51st St,41.80088933333333,-87.67469583333333,6,3,1,2,7,5,8,0.75,0.38,0.12,0.25,0.88,0.62
11,2021,348,Western Ave & 62nd St,41.78,-87.68,9,3,0,0,9,3,6,1.5,0.5,0.0,0.0,1.5,0.5
11,2021,393,Oketo Ave & Addison St,41.94,-87.81,11,8,0,0,11,8,11,1.0,0.73,0.0,0.0,1.0,0.73
11,2021,KA1503000024,Yates Blvd & 75th St,41.758768833333335,-87.56632733333333,3,2,1,1,4,3,8,0.38,0.25,0.12,0.12,0.5,0.38
11,2021,427,Whipple St & Roosevelt Rd,41.87,-87.7,2,0,0,0,2,0,1,2.0,0.0,0.0,0.0,2.0,0.0
11,2021,355,Central Ave & Parker Ave,41.93,-87.77,20,12,0,0,20,12,16,1.25,0.75,0.0,0.0,1.25,0.75
11,2021,20107,Walden Pkwy & 100th St,41.7122735,-87.6677405,22,12,2,3,24,15,15,1.47,0.8,0.13,0.2,1.6,1.0
11,2021,562,Racine Ave & 61st St,41.78320333333333,-87.6543575,2,0,1,2,3,2,3,0.67,0.0,0.33,0.67,1.0,0.67
11,2021,452,Richmond St & Lincoln Ave,41.99,-87.7,12,12,0,0,12,12,16,0.75,0.75,0.0,0.0,0.75,0.75
11,2021,20247.0,W Washington Blvd & N Peoria St,41.88,-87.65,37,38,0,0,37,38,21,1.76,1.81,0.0,0.0,1.76,1.81
11,2021,20221,Torrence Ave & 106th St,41.70286516666667,-87.55984166666667,4,0,0,0,4,0,3,1.33,0.0,0.0,0.0,1.33,0.0
11,2021,20108,Hale Ave & 107th St,41.69919166666666,-87.66885933333333,9,7,2,0,11,7,12,0.75,0.58,0.17,0.0,0.92,0.58
11,2021,388,Richmond St & 59th St,41.79,-87.7,1,0,0,0,1,0,1,1.0,0.0,0.0,0.0,1.0,0.0
11,2021,389,Maplewood Ave & 59th St,41.79,-87.69,7,2,0,0,7,2,7,1.0,0.29,0.0,0.0,1.0,0.29
11,2021,368.0,Tripp Ave & 31st St,41.84,-87.73,16,14,0,0,16,14,14,1.14,1.0,0.0,0.0,1.14,1.0
11,2021,433,Elston Ave & Henderson St,41.94,-87.7,11,14,0,0,11,14,9,1.22,1.56,0.0,0.0,1.22,1.56
11,2021,397,Narragansett Ave & School St,41.94,-87.79,15,14,0,0,15,14,21,0.71,0.67,0.0,0.0,0.71,0.67
11,2021,396,Central Ave & Roscoe St,41.94,-87.77,26,32,0,0,26,32,26,1.0,1.23,0.0,0.0,1.0,1.23
11,2021,414,Sacramento Blvd & Fulton Ave,41.89,-87.7,1,0,0,0,1,0,1,1.0,0.0,0.0,0.0,1.0,0.0
11,2021,16994,Kilbourn Ave & Milwaukee Ave,41.94707089418471,-87.74000823497772,13,13,5,12,18,25,21,0.62,0.62,0.24,0.57,0.86,1.19
11,2021,364.0,Homan Ave & Fillmore St,41.87,-87.71,7,1,0,0,7,1,7,1.0,0.14,0.0,0.0,1.0,0.14
11,2021,419,Sacramento Blvd & Polk St,41.87,-87.7,1,2,0,0,1,2,2,0.5,1.0,0.0,0.0,0.5,1.0
11,2021,564,Racine Ave & 65th St,41.77537316666667,-87.65427566666666,4,3,1,1,5,4,5,0.8,0.6,0.2,0.2,1.0,0.8
11,2021,15643,Kosciuszko Park,41.93061,-87.72385083333333,97,109,23,44,120,153,30,3.23,3.63,0.77,1.47,4.0,5.1
11,2021,536,Kostner Ave & Lake St,41.885928,-87.73541,13,5,2,3,15,8,12,1.08,0.42,0.17,0.25,1.25,0.67
11,2021,15599,Calumet Ave & 71st St,41.76550800581,-87.616917925,2,1,2,1,4,2,6,0.33,0.17,0.33,0.17,0.67,0.33
11,2021,571,Vernon Ave & 75th St,41.758361,-87.614138,0,0,3,3,3,3,5,0.0,0.0,0.6,0.6,0.6,0.6
11,2021,378,Nordica & Medill,41.92,-87.8,17,12,0,0,17,12,14,1.21,0.86,0.0,0.0,1.21,0.86
11,2021,13083,Indiana Ave & 40th St,41.82168,-87.6216,18,19,9,11,27,30,25,0.72,0.76,0.36,0.44,1.08,1.2
11,2021,20231,East End Ave & 87th St,41.73680016666667,-87.5828385,9,5,1,2,10,7,10,0.9,0.5,0.1,0.2,1.0,0.7
11,2021,582,Phillips Ave & 83rd St,41.744531,-87.56506,0,0,8,2,8,2,5,0.0,0.0,1.6,0.4,1.6,0.4
11,2021,15682,Kedzie Ave & Roosevelt Rd,41.86649278172,-87.7064961757,3,2,7,10,10,12,11,0.27,0.18,0.64,0.91,0.91,1.09
11,2021,534,Karlov Ave & Madison St,41.880844,-87.72798583333334,9,8,3,5,12,13,15,0.6,0.53,0.2,0.33,0.8,0.87
11,2021,310,North Ave & New England Ave,41.91,-87.8,10,7,0,0,10,7,10,1.0,0.7,0.0,0.0,1.0,0.7
11,2021,16991,Milwaukee Ave & Cuyler Ave,41.954468,-87.749594,29,23,12,13,41,36,26,1.12,0.88,0.46,0.5,1.58,1.38
11,2021,20134,Maryland Ave & 104th St,41.71,-87.6,6,6,0,0,6,6,4,1.5,1.5,0.0,0.0,1.5,1.5
11,2021,20214,Avenue O & 134th St,41.65186780228521,-87.53967136144637,0,0,8,4,8,4,5,0.0,0.0,1.6,0.8,1.6,0.8
11,2021,360,Kilbourn & Roscoe,41.94,-87.74,41,24,0,0,41,24,20,2.05,1.2,0.0,0.0,2.05,1.2
11,2021,350,Hamlin Ave & 62nd Pl,41.78,-87.72,4,2,0,0,4,2,4,1.0,0.5,0.0,0.0,1.0,0.5
11,2021,653,Cornell Dr & Hayes Dr,41.780595,-87.584846,1,2,9,9,10,11,8,0.12,0.25,1.12,1.12,1.25,1.38
11,2021,KA1503000023,Stony Island Ave & 67th St,41.77345849948,-87.5853397391,2,2,11,10,13,12,14,0.14,0.14,0.79,0.71,0.93,0.86
11,2021,KA1503000019,Stony Island Ave & 75th St,41.7586696704,-87.586882871,11,11,2,1,13,12,14,0.79,0.79,0.14,0.07,0.93,0.86
11,2021,20218,Avenue O & 118th St,41.681001,-87.537931,5,0,0,1,5,1,5,1.0,0.0,0.0,0.2,1.0,0.2
11,2021,16913,Cicero Ave & Quincy St,41.877613,-87.745405,2,1,2,2,4,3,6,0.33,0.17,0.33,0.33,0.67,0.5
11,2021,20120,Stewart Ave & 83rd St,41.743717,-87.634088,2,1,3,2,5,3,6,0.33,0.17,0.5,0.33,0.83,0.5
11,2021,KA1504000096,Sawyer Ave & Irving Park Rd,41.95362283333333,-87.7092975,34,34,5,15,39,49,27,1.26,1.26,0.19,0.56,1.44,1.81
11,2021,20249.0,N Clark St & W Elm St,41.9,-87.63,2,16,0,0,2,16,12,0.17,1.33,0.0,0.0,0.17,1.33
11,2021,20206,Homewood Ave & 115th St,41.68459566666667,-87.67074483333333,13,3,0,0,13,3,11,1.18,0.27,0.0,0.0,1.18,0.27
11,2021,326,Harlem & Irving Park,41.95,-87.81,27,21,0,0,27,21,22,1.23,0.95,0.0,0.0,1.23,0.95
11,2021,16953,Vincennes Ave & 75th St,41.75797,-87.63121,2,5,1,4,3,9,10,0.2,0.5,0.1,0.4,0.3,0.9
11,2021,330.0,Keeler Ave & Roosevelt Rd,41.87,-87.73,4,4,0,0,4,4,6,0.67,0.67,0.0,0.0,0.67,0.67
11,2021,Throop/Hastings Mobile Station,Throop/Hastings Mobile Station,41.851560473,-87.659110785,2,1,0,0,2,1,1,2.0,1.0,0.0,0.0,2.0,1.0
11,2021,345,Artesian Ave & 55th St,41.79,-87.69,9,6,0,0,9,6,10,0.9,0.6,0.0,0.0,0.9,0.6
11,2021,20128,S Wentworth Ave & W 111th St,41.69,-87.63,7,6,0,0,7,6,7,1.0,0.86,0.0,0.0,1.0,0.86
11,2021,316,Lamon Ave & Belmont Ave,41.94,-87.75,43,32,0,0,43,32,23,1.87,1.39,0.0,0.0,1.87,1.39
11,2021,308,Major Ave & Bloomingdale Ave,41.91,-87.77,8,2,0,0,8,2,7,1.14,0.29,0.0,0.0,1.14,0.29
11,2021,16970,Bennett Ave & 79th St,41.751785,-87.578496,1,1,1,1,2,2,3,0.33,0.33,0.33,0.33,0.67,0.67
11,2021,394,Panama Ave & Grace St,41.95,-87.83,2,1,0,0,2,1,2,1.0,0.5,0.0,0.0,1.0,0.5
11,2021,376,Menard Ave & North Ave,41.91,-87.77,6,3,0,0,6,3,5,1.2,0.6,0.0,0.0,1.2,0.6
11,2021,20109,Vernon Ave & 107th St,41.7002205,-87.6123275,4,2,1,0,5,2,6,0.67,0.33,0.17,0.0,0.83,0.33
11,2021,647,Elizabeth St & 59th St,41.78986333333334,-87.6546985,2,0,2,1,4,1,6,0.33,0.0,0.33,0.17,0.67,0.17
11,2021,20208,Major Taylor Trail & 124th St,41.66869635332246,-87.63711333274841,0,0,3,2,3,2,3,0.0,0.0,1.0,0.67,1.0,0.67
11,2021,18025,Carpenter St & 63rd St,41.77987,-87.650919,0,0,0,0,0,0,1,0.0,0.0,0.0,0.0,0.0,0.0
11,2021,424,Sacramento Ave & 25th St,41.85,-87.7,1,3,0,0,1,3,4,0.25,0.75,0.0,0.0,0.25,0.75
11,2021,341,Archer Ave & 43rd St,41.82,-87.7,5,7,0,0,5,7,6,0.83,1.17,0.0,0.0,0.83,1.17
11,2021,309,Narragansett & McLean,41.92,-87.79,9,9,0,0,9,9,13,0.69,0.69,0.0,0.0,0.69,0.69
11,2021,TA1309000051,Commercial Ave & 83rd St,41.744615,-87.551208,1,0,5,5,6,5,10,0.1,0.0,0.5,0.5,0.6,0.5
11,2021,16907,Central Park Blvd & 5th Ave,41.875684666666665,-87.71546066666667,8,5,1,0,9,5,9,0.89,0.56,0.11,0.0,1.0,0.56
11,2021,354,Parkside Ave & Armitage Ave,41.92,-87.77,12,1,0,0,12,1,8,1.5,0.12,0.0,0.0,1.5,0.12
11,2021,20127,Halsted St & 111th St,41.69226255589166,-87.64261186122894,8,9,1,2,9,11,10,0.8,0.9,0.1,0.2,0.9,1.1
11,2021,KA1503000011,Halsted St & 56th St,41.79293,-87.64499,0,0,1,0,1,0,2,0.0,0.0,0.5,0.0,0.5,0.0
11,2021,20129,Ada St & 113th St,41.68755866666667,-87.655451,15,13,0,1,15,14,10,1.5,1.3,0.0,0.1,1.5,1.4
11,2021,365.0,Kildare Ave & 26th St,41.84,-87.73,1,2,0,0,1,2,3,0.33,0.67,0.0,0.0,0.33,0.67
11,2021,572,State St & 76th St,41.75717983333333,-87.6246765,1,1,1,2,2,3,4,0.25,0.25,0.25,0.5,0.5,0.75
11,2021,20201,Kedzie Ave & 104th St,41.7,-87.7,4,2,0,0,4,2,4,1.0,0.5,0.0,0.0,1.0,0.5
11,2021,20102,Loomis St & 89th St,41.73252333333333,-87.65809833333333,11,9,0,0,11,9,12,0.92,0.75,0.0,0.0,0.92,0.75
11,2021,460,Francisco Ave & Hollywood Ave,41.98,-87.7,3,5,0,0,3,5,5,0.6,1.0,0.0,0.0,0.6,1.0
11,2021,KA1503000001,Shields Ave & 43rd St,41.81618233333333,-87.63459533333334,2,0,0,2,2,2,4,0.5,0.0,0.0,0.5,0.5,0.5
11,2021,325,Harlem Ave & Grace St,41.95,-87.81,12,2,0,0,12,2,9,1.33,0.22,0.0,0.0,1.33,0.22
11,2021,20114,Doty Ave & 111th St,41.69506016666666,-87.59877833333333,2,1,0,0,2,1,2,1.0,0.5,0.0,0.0,1.0,0.5
11,2021,20101,Summit Ave & 86th St,41.73785266666667,-87.64493866666666,3,2,0,1,3,3,5,0.6,0.4,0.0,0.2,0.6,0.6
11,2021,418,Mozart St & Jackson Blvd,41.88,-87.7,1,0,0,0,1,0,1,1.0,0.0,0.0,0.0,1.0,0.0
11,2021,20207,Major Taylor Trail & 115th St,41.68498866666667,-87.6452425,4,5,0,0,4,5,7,0.57,0.71,0.0,0.0,0.57,0.71
11,2021,416,Washtenaw Ave & Madison St,41.88,-87.69,1,0,0,0,1,0,1,1.0,0.0,0.0,0.0,1.0,0.0
11,2021,583,Stony Island Ave & 82nd St,41.746559,-87.586005,7,2,0,2,7,4,7,1.0,0.29,0.0,0.29,1.0,0.57
11,2021,321,Kostner Ave & Wrightwood Ave,41.93,-87.74,27,16,0,0,27,16,22,1.23,0.73,0.0,0.0,1.23,0.73
11,2021,15597,Halsted St & 69th St,41.76906172032,-87.6446135779,0,0,2,2,2,2,2,0.0,0.0,1.0,1.0,1.0,1.0
11,2021,20203,Lawndale Ave & 111th St,41.69128233333333,-87.712849,6,1,0,0,6,1,5,1.2,0.2,0.0,0.0,1.2,0.2
11,2021,20103,Prospect Sq & 91st St,41.728015,-87.66767583333333,10,10,0,1,10,11,11,0.91,0.91,0.0,0.09,0.91,1.0
11,2021,464,Western Ave & Ardmore Ave,41.99,-87.69,2,2,0,0,2,2,3,0.67,0.67,0.0,0.0,0.67,0.67
11,2021,20211,Eberhart Ave & 131st St,41.658413151101065,-87.61071089698817,0,0,1,0,1,0,1,0.0,0.0,1.0,0.0,1.0,0.0
11,2021,301,Monticello Ave & Chicago Ave,41.9,-87.72,15,14,0,0,15,14,13,1.15,1.08,0.0,0.0,1.15,1.08
11,2021,432,Sacramento Blvd & Addison St,41.95,-87.7,8,7,0,0,8,7,7,1.14,1.0,0.0,0.0,1.14,1.0
11,2021,579,Phillips Ave & 79th St,41.751845,-87.56521266666667,5,5,2,1,7,6,11,0.45,0.45,0.18,0.09,0.64,0.55
11,2021,303,Kildare Ave & Division St,41.9,-87.73,11,5,0,0,11,5,6,1.83,0.83,0.0,0.0,1.83,0.83
11,2021,369,Central Park Ave & Ohio St,41.89,-87.72,2,0,0,0,2,0,2,1.0,0.0,0.0,0.0,1.0,0.0
11,2021,302,Lamon Ave & Chicago Ave,41.9,-87.75,6,2,0,0,6,2,7,0.86,0.29,0.0,0.0,0.86,0.29
11,2021,407,Tripp Ave & 65th St,41.77,-87.73,4,3,0,0,4,3,6,0.67,0.5,0.0,0.0,0.67,0.5
11,2021,587,Wabash Ave & 83rd St,41.7432865,-87.622754,3,3,0,2,3,5,7,0.43,0.43,0.0,0.29,0.43,0.71
11,2021,415,Western Ave & Lake St,41.88,-87.69,1,0,0,0,1,0,1,1.0,0.0,0.0,0.0,1.0,0.0
11,2021,383,Campbell Ave & 51st St,41.8,-87.69,3,3,0,0,3,3,3,1.0,1.0,0.0,0.0,1.0,1.0
11,2021,338,California Ave & 36th St,41.83,-87.69,6,1,0,0,6,1,5,1.2,0.2,0.0,0.0,1.2,0.2
11,2021,420,Washtenaw Ave & Polk St,41.87,-87.69,1,1,0,0,1,1,1,1.0,1.0,0.0,0.0,1.0,1.0
11,2021,20126,S Aberdeen St & W 106th St,41.7,-87.65,3,1,0,0,3,1,2,1.5,0.5,0.0,0.0,1.5,0.5
11,2021,20202,W 103rd St & S Avers Ave,41.71,-87.72,1,1,0,0,1,1,2,0.5,0.5,0.0,0.0,0.5,0.5
11,2021,20212,Altgeld Gardens,41.657110333333335,-87.59882016666667,1,0,0,1,1,1,2,0.5,0.0,0.0,0.5,0.5,0.5
11,2021,381,Francisco Ave & 47th St,41.81,-87.7,1,1,0,0,1,1,2,0.5,0.5,0.0,0.0,0.5,0.5
11,2021,362.0,Lawndale Ave & 16th St,41.86,-87.72,0,1,0,0,0,1,1,0.0,1.0,0.0,0.0,0.0,1.0
11,2021,437,Whipple St & Irving Park Rd,41.95,-87.7,0,1,0,0,0,1,1,0.0,1.0,0.0,0.0,0.0,1.0
11,2021,20220,Avenue L & 114th St,41.69,-87.54,0,2,0,0,0,2,2,0.0,1.0,0.0,0.0,0.0,1.0
11,2021,20239,Marquette Ave & 89th St,41.73366879071472,-87.55834221839905,0,0,0,1,0,1,1,0.0,0.0,0.0,1.0,0.0,1.0
11,2021,466,California Ave & 29th St,41.84,-87.69,0,1,0,0,0,1,1,0.0,1.0,0.0,0.0,0.0,1.0
