h3_index,lat,lng
8826641901fffff,41.67689984677045,-87.55303666869379
8826641903fffff,41.669414853101344,-87.54832724726444
8826641905fffff,41.67794934233251,-87.56441788151274
8826641907fffff,41.67046482870344,-87.55970664506252
8826641909fffff,41.6833350866835,-87.54636472845259
882664190bfffff,41.67584921246931,-87.54165565410865
882664190dfffff,41.68438524099066,-87.55774755879281
8826641911fffff,41.66087866716784,-87.53224190953112
8826641913fffff,41.653393996844876,-87.5275372380518
8826641915fffff,41.66193026036574,-87.54361929388163
8826641917fffff,41.65444606894582,-87.53891280792259
8826641919fffff,41.66731148698305,-87.52556904818918
882664191dfffff,41.66836373916999,-87.53694804800917
8826641921fffff,41.67256136462669,-87.58246603271677
8826641923fffff,41.665078212148856,-87.57775263647356
8826641925fffff,41.673607924801956,-87.59384602078758
8826641927fffff,41.66612525322902,-87.58913081087702
8826641929fffff,41.678997699082245,-87.57579929167248
882664192bfffff,41.6715136659029,-87.57108624051082
882664192dfffff,41.680044916946684,-87.58718089827994
8826641931fffff,41.65654680054473,-87.56166454425207
8826641933fffff,41.64906396913057,-87.55695589790945
8826641935fffff,41.657595459895774,-87.57304070892734
8826641937fffff,41.650113108249805,-87.56833024945544
8826641939fffff,41.66298071564414,-87.55499687708361
882664193bfffff,41.65549700353697,-87.55028857695324
882664193dfffff,41.66403003292958,-87.566374658245
8826641941fffff,41.69725770320317,-87.54440101944057
8826641943fffff,41.68977054799519,-87.53969082365246
8826641945fffff,41.69830803632626,-87.5557872843676
8826641947fffff,41.69082136143006,-87.55107527166436
8826641949fffff,41.70369426586222,-87.53772480143438
882664194bfffff,41.696206230257864,-87.53301495360675
882664194dfffff,41.70474525854198,-87.54911268491844
8826641955fffff,41.68228379330082,-87.53498209693021
8826641957fffff,41.674797439502655,-87.53027483865021
882664195dfffff,41.688718595148316,-87.52830657504286
8826641961fffff,41.69291956976968,-87.57384476232016
8826641963fffff,41.685434256148845,-87.56913058705746
8826641965fffff,41.6939669645281,-87.58522980317638
8826641967fffff,41.68648213208494,-87.58051381235315
8826641969fffff,41.69935722955362,-87.5671737474937
882664196bfffff,41.691871035379314,-87.56245991818486
882664196dfffff,41.70040528281205,-87.5785604079246
88266419e9fffff,41.64696227922357,-87.53420778876483
88266419edfffff,41.64801369276402,-87.54558174404879
8826641b21fffff,41.717620364987674,-87.53575758637443
8826641b23fffff,41.71013104895908,-87.53104661695856
8826641b25fffff,41.718671537023674,-87.54714890737786
8826641b27fffff,41.71118270157854,-87.54243611914993
8826641b29fffff,41.72405824832092,-87.5290770859041
8826641b2dfffff,41.72511008072611,-87.54047002650093
8826641b35fffff,41.70264213302354,-87.52633711762863
8826641b65fffff,41.73903983956094,-87.53850274041257
8826641b67fffff,41.73154884428728,-87.53378917739131
8826641b6dfffff,41.745479702675155,-87.53181957340244
8826645201fffff,41.796225775833896,-87.778833644732
8826645203fffff,41.78874203870028,-87.77407814018883
8826645205fffff,41.79725248242352,-87.79024293224079
8826645207fffff,41.78976923617244,-87.78548561116105
882664520bfffff,41.79519792378492,-87.76742453849852
8826645211fffff,41.78022985937471,-87.75791864543032
8826645215fffff,41.78125869200441,-87.76932411837223
8826645219fffff,41.786684208672945,-87.7512637439299
882664521bfffff,41.77919988217172,-87.74651335530268
882664521dfffff,41.78771369617779,-87.76267085081179
882664522bfffff,41.79079528852658,-87.79689326282838
8826645231fffff,41.775830948109586,-87.78737943831302
8826645235fffff,41.776856837579544,-87.79878363924529
8826645239fffff,41.78228637999277,-87.78072977322887
882664523bfffff,41.77480391427163,-87.77597541781626
882664523dfffff,41.78331292327196,-87.79213560910061
8826645251fffff,41.80062438205676,-87.74935840856482
8826645253fffff,41.79313878358059,-87.74460687345906
8826645257fffff,41.79416892634444,-87.75601561444077
8826645259fffff,41.807080062866866,-87.74269923248931
882664525bfffff,41.799593583649894,-87.73794803332366
8826645283fffff,41.736366832678264,-87.74083108958926
8826645289fffff,41.75029842793667,-87.7389246344047
882664528bfffff,41.74281655095234,-87.73417983113792
882664529dfffff,41.735335067089956,-87.72943650641388
88266452c1fffff,41.76423240422674,-87.73701702118825
88266452c3fffff,41.7567492535558,-87.73227107444637
88266452c9fffff,41.7706843365967,-87.73036115816836
88266452cbfffff,41.76320030503894,-87.72561554765446
88266452cdfffff,41.77171594722748,-87.7417644479313
88266452d1fffff,41.74823342039619,-87.71612876473789
88266452d3fffff,41.74075056808287,-87.71138759108185
88266452d5fffff,41.749266495600764,-87.72752660707876
88266452d7fffff,41.74178413074749,-87.72278361845886
88266452d9fffff,41.75468293558918,-87.70947194455913
88266452dbfffff,41.74719920239208,-87.70473110827956
88266452ddfffff,41.755716666176795,-87.72087141671989
8826645601fffff,41.68422239810229,-87.63270927132183
8826645603fffff,41.67674077331315,-87.62798715126056
8826645605fffff,41.68526392045586,-87.64409184676826
8826645607fffff,41.67778277857222,-87.63936791386166
8826645609fffff,41.69066224215572,-87.62604866597398
882664560bfffff,41.683179736502936,-87.62132688785628
882664560dfffff,41.69170442089436,-87.63743286301987
8826645611fffff,41.66821592068191,-87.61188774463903
8826645613fffff,41.660734611279786,-87.60717037829289
8826645615fffff,41.6692595469102,-87.62326650221252
8826645617fffff,41.661778719276555,-87.61854732355455
8826645619fffff,41.67465334635623,-87.60522620383045
882664561bfffff,41.66717115609749,-87.60050918056301
882664561dfffff,41.675697629217275,-87.61660658095245
8826645621fffff,41.679863372294776,-87.66213001237003
8826645623fffff,41.6723835947423,-87.6574039269908
8826645625fffff,41.68090196061639,-87.67351134649064
8826645629fffff,41.686304303492356,-87.65547461330192
882664562bfffff,41.67882364492313,-87.65074886786259
882664562dfffff,41.687343547140834,-87.6668575700291
8826645631fffff,41.66386352114154,-87.64130179193442
8826645639fffff,41.67030203471065,-87.63464545239081
882664563bfffff,41.66282168925434,-87.62992446173249
882664563dfffff,41.671343384011756,-87.6460245942812
8826645641fffff,41.70458609470287,-87.62410900480823
8826645643fffff,41.69710231028596,-87.61938609713019
8826645645fffff,41.70562844702892,-87.6354966383463
8826645647fffff,41.698145145792246,-87.6307719159293
8826645649fffff,41.71102726717927,-87.6174441289682
882664564bfffff,41.703542602046255,-87.61272156410239
882664564dfffff,41.71207027670061,-87.62883338514897
8826645651fffff,41.688574465999736,-87.60328085046334
8826645653fffff,41.68109099585317,-87.59856270044192
8826645655fffff,41.68961892383362,-87.61466466149051
8826645657fffff,41.68213593572928,-87.60994469726516
8826645659fffff,41.69501321958188,-87.59661503985951
882664565bfffff,41.6875288687261,-87.59189723378633
882664565dfffff,41.69605833485856,-87.60800047147552
8826645661fffff,41.7002273967554,-87.65354412938328
8826645663fffff,41.69274545997812,-87.64881725173416
8826645665fffff,41.70126681206995,-87.66493052224916
8826645667fffff,41.69378535933588,-87.66020183122279
8826645669fffff,41.70666965895297,-87.64688446382176
882664566bfffff,41.699186841305824,-87.64215792697846
882664566dfffff,41.70770973040383,-87.65827248033973
88266456c1fffff,41.65220797445406,-87.59107954203785
88266456c3fffff,41.64472698383436,-87.5863669255349
88266456c5fffff,41.653253701393645,-87.60245448129119
88266456c9fffff,41.65864298151707,-87.58441707008721
88266456cbfffff,41.651161110048584,-87.57970479779542
88266456cdfffff,41.6596893653359,-87.59579362683974
88266456e9fffff,41.654298290795055,-87.61382961466371
88266456ebfffff,41.64681826184833,-87.60911337491746
8826645701fffff,41.69148912644551,-87.71239128099499
8826645703fffff,41.68401089057746,-87.70765647759626
8826645707fffff,41.68504492199678,-87.71903856123392
8826645709fffff,41.69793355809438,-87.70574203903571
882664570bfffff,41.69045444105293,-87.70100757243293
882664570dfffff,41.69896775776527,-87.71712755898153
8826645719fffff,41.681939409817474,-87.68489286933094
882664572bfffff,41.68607781401643,-87.73042083001651
8826645743fffff,41.704378216497766,-87.6990908346667
8826645745fffff,41.71289297808905,-87.71521539723982
8826645747fffff,41.705413070567914,-87.71047798042986
8826645751fffff,41.69586173859031,-87.68297155894624
8826645753fffff,41.68838165133063,-87.67824071605594
8826645757fffff,41.689418615991364,-87.68962405048855
8826645759fffff,41.70230508717877,-87.67631710468152
882664575bfffff,41.69482411889679,-87.67158660059157
882664575dfffff,41.70334222201142,-87.68770387578564
882664c101fffff,41.931864695878865,-87.63868639644497
882664c103fffff,41.92436247359639,-87.63393801704494
882664c105fffff,41.932905230308016,-87.65013007351222
882664c107fffff,41.92540349798851,-87.64537986195226
882664c10dfffff,41.93936730776785,-87.64343626352158
882664c115fffff,41.91686064130949,-87.62919112468786
882664c121fffff,41.92748208983561,-87.66826412979768
882664c123fffff,41.91998172757244,-87.66351174320144
882664c125fffff,41.928519657148904,-87.67970655092013
882664c127fffff,41.92101978571866,-87.67495233354711
882664c129fffff,41.93394461203568,-87.66157394324108
882664c12bfffff,41.9264433700919,-87.6568218998391
882664c12dfffff,41.93498284099106,-87.67301800472336
882664c131fffff,41.9114420543739,-87.64732227610457
882664c133fffff,41.90394198137771,-87.64257469450551
882664c135fffff,41.91248175459088,-87.65876084430117
882664c137fffff,41.904982171279904,-87.65401143246369
882664c139fffff,41.91790215529693,-87.64063113786446
882664c13bfffff,41.91040120262224,-87.6358839006154
882664c13dfffff,41.918942517408276,-87.65207134433808
882664c145fffff,41.953333482605885,-87.6414914797336
882664c147fffff,41.945829602018264,-87.6367404691679
882664c161fffff,41.947909862273505,-87.65963496158342
882664c163fffff,41.94040735186616,-87.65488177317792
882664c165fffff,41.94894826214597,-87.67108249628306
882664c167fffff,41.94144624285022,-87.66632747517771
882664c169fffff,41.95437369880776,-87.65294046324055
882664c16bfffff,41.946870308874,-87.64818761890871
882664c16dfffff,41.95541276114043,-87.66438963936301
882664c185fffff,41.88040129986516,-87.61690980735064
882664c18dfffff,41.886857219892285,-87.61021841302788
882664c1a1fffff,41.87498774251564,-87.6350286430896
882664c1a3fffff,41.86749011338593,-87.63028665707974
882664c1a5fffff,41.876028737940764,-87.64645825776267
882664c1a7fffff,41.868531597072305,-87.64171444397151
882664c1a9fffff,41.88144410650428,-87.62834086318857
882664c1abfffff,41.873945597545756,-87.6235992218025
882664c1adfffff,41.88248576325798,-87.63977211300117
882664c1b1fffff,41.85894975595495,-87.61412038882004
882664c1b5fffff,41.85999287625657,-87.62554615434034
882664c1b7fffff,41.852496031515116,-87.62080713424044
882664c1b9fffff,41.865403698686436,-87.60743166530666
882664c1bdfffff,41.86644748056677,-87.61885906389006
882664c1c7fffff,41.89331335717496,-87.60352503813775
882664c1e1fffff,41.89540046887852,-87.6263938841017
882664c1e3fffff,41.88790068858645,-87.62165110357193
882664c1e5fffff,41.89644229880844,-87.63782859890809
882664c1e7fffff,41.88894300705452,-87.63308398867981
882664c1ebfffff,41.894357488310135,-87.61495936354297
882664c1edfffff,41.90290064035325,-87.63113814957205
882664c801fffff,41.89386807490132,-87.76552840433317
882664c803fffff,41.886375451705725,-87.76076484162584
882664c807fffff,41.887403797501996,-87.77219652380936
882664c809fffff,41.90033257502326,-87.75885830704226
882664c80bfffff,41.89283907153495,-87.75409508055833
882664c80dfffff,41.90136108527981,-87.7702934562613
882664c811fffff,41.87785322759943,-87.74457309334736
882664c813fffff,41.870360887930445,-87.73981433135633
882664c815fffff,41.878883216082336,-87.75600276750711
882664c817fffff,41.871391368420326,-87.75124218134509
882664c819fffff,41.88431530924497,-87.73790202844981
882664c81bfffff,41.87682208928345,-87.7331436038424
882664c81dfffff,41.885345955597266,-87.74933334287076
882664c831fffff,41.873448880859115,-87.7740984326286
882664c833fffff,41.86595840605811,-87.76933568726004
882664c839fffff,41.879912054663734,-87.76743262541639
882664c83bfffff,41.87242069941931,-87.76267021540414
882664c841fffff,41.91429206827296,-87.75695061059656
882664c843fffff,41.906797297417306,-87.75218623123749
882664c845fffff,41.91532074309374,-87.76838922892937
882664c847fffff,41.90782646567274,-87.76362302295502
882664c849fffff,41.92075789262954,-87.75027621848612
882664c84bfffff,41.91326224163271,-87.7455121762194
882664c84dfffff,41.921787225878276,-87.76171648022537
882664c851fffff,41.89827210138172,-87.73598856058628
882664c853fffff,41.890777612906625,-87.73122898595423
882664c855fffff,41.899302913701106,-87.74742334151509
882664c857fffff,41.89180891751389,-87.74266194079668
882664c859fffff,41.904735506750015,-87.72931320154079
882664c85bfffff,41.89724013813376,-87.72455396516222
882664c85dfffff,41.90576697775356,-87.74074962379713
882664c861fffff,41.909881347686,-87.78649715559372
882664c865fffff,41.91090706130822,-87.79793449470074
882664c869fffff,41.916348266026944,-87.77982803031043
882664c86bfffff,41.908854482451616,-87.77505999804278
882664c86dfffff,41.91737463700476,-87.79126701383224
882664c881fffff,41.84142786516108,-87.7322147036372
882664c883fffff,41.83393796313536,-87.72746154779126
882664c889fffff,41.84788620278344,-87.72554696426371
882664c88bfffff,41.84039542031564,-87.72079414608997
882664c88dfffff,41.848918157090594,-87.73696934428506
882664c891fffff,41.825415026579684,-87.71129296224613
882664c893fffff,41.81792541608676,-87.70654459531637
882664c895fffff,41.826448451401255,-87.72270987611724
882664c897fffff,41.818959330346416,-87.71795968798541
882664c899fffff,41.83187094573193,-87.70462426336849
882664c89bfffff,41.824380454798785,-87.69987623526484
882664c89dfffff,41.832905028118475,-87.7160428122941
882664c8b1fffff,41.82102371894139,-87.74079043134027
882664c8b3fffff,41.813535968326654,-87.7360380855196
882664c8b7fffff,41.814566932825606,-87.74745191457932
882664c8b9fffff,41.82748072919424,-87.7341269759761
882664c8bbfffff,41.81999209798766,-87.7293749669606
882664c8c1fffff,41.861836815837904,-87.7236312153191
882664c8c3fffff,41.854344763130996,-87.71887725014061
882664c8c5fffff,41.862868936979105,-87.73505705626614
882664c8c7fffff,41.85537737513399,-87.73030126744557
882664c8c9fffff,41.86829647875244,-87.7169591872087
882664c8cbfffff,41.860803545753974,-87.71220556057132
882664c8cdfffff,41.869329258018205,-87.72838666634264
882664c8d1fffff,41.84581884966664,-87.70270276292618
882664c8d3fffff,41.838327087353804,-87.69795359065716
882664c8d5fffff,41.84685310028573,-87.71412477017631
882664c8d7fffff,41.8393618276901,-87.70937377479568
882664c8d9fffff,41.85227609359835,-87.69602977598967
882664c8dbfffff,41.84478345099569,-87.69128094341657
882664c8ddfffff,41.85331100259599,-87.70745341935408
882664ca01fffff,41.93912422768293,-87.7187961500189
882664ca03fffff,41.93162544380426,-87.71403495219077
882664ca05fffff,41.94015669172439,-87.73024115664168
882664ca07fffff,41.93265840069522,-87.72547812888828
882664ca09fffff,41.94559027423408,-87.71211218843618
882664ca0bfffff,41.938090610519325,-87.70735133060705
882664ca0dfffff,41.94662339859198,-87.72355883852109
882664ca11fffff,41.92309244567551,-87.69783408505538
882664ca13fffff,41.91559394532593,-87.69307769606522
882664ca15fffff,41.92412704734601,-87.70927524440266
882664ca17fffff,41.91662903869792,-87.70451702602088
882664ca19fffff,41.929556071961464,-87.69114916229852
882664ca1bfffff,41.92205669177642,-87.68639311446763
882664ca1dfffff,41.930591334203186,-87.70259196302476
882664ca21fffff,41.93472085607021,-87.74836504124451
882664ca23fffff,41.92722393829131,-87.74359984592367
882664ca25fffff,41.93575035441669,-87.75980877508633
882664ca27fffff,41.92825393035422,-87.75504175123056
882664ca29fffff,41.94118800257466,-87.74168634956658
882664ca2bfffff,41.933690204806844,-87.736921492209
882664ca2dfffff,41.94221816016493,-87.75313172788479
882664ca31fffff,41.91869576971345,-87.72739624953994
882664ca33fffff,41.91119913316773,-87.72263586296117
882664ca35fffff,41.919727407218396,-87.73883614128842
882664ca37fffff,41.912231263241395,-87.73407392670522
882664ca39fffff,41.92516049671833,-87.72071659160173
882664ca3bfffff,41.91766298018358,-87.71595654414826
882664ca3dfffff,41.926192793723104,-87.73215812574472
882664ca41fffff,41.95955747036798,-87.71018825181667
882664ca43fffff,41.952056539896326,-87.7054262434395
882664ca45fffff,41.960590762298885,-87.72163837737239
882664ca47fffff,41.95309032495737,-87.71687453714642
882664ca49fffff,41.96602483437105,-87.70349998183059
882664ca4bfffff,41.95852302421694,-87.69873831432805
882664ca4dfffff,41.967058787435896,-87.71495175191673
882664ca51fffff,41.943520565193054,-87.68921945257274
882664ca53fffff,41.93601991710358,-87.68446225705073
882664ca55fffff,41.94455599641126,-87.70066572615039
882664ca57fffff,41.93705584030299,-87.6959066993148
882664ca59fffff,41.949985508420745,-87.68253022209846
882664ca5bfffff,41.94248398064934,-87.67777336861224
882664ca5dfffff,41.951021601027534,-87.69397813812037
882664ca61fffff,41.9551544333789,-87.73977168608559
882664ca63fffff,41.94765536941574,-87.735005675496
882664ca65fffff,41.956184756601374,-87.75122053949855
882664ca67fffff,41.94868618663632,-87.74645269845163
882664ca69fffff,41.96162289994033,-87.73308869008524
882664ca6bfffff,41.954122956141276,-87.72832301833165
882664ca6dfffff,41.96265388322333,-87.7445391890452
882664ca81fffff,41.88664088999507,-87.68549903389409
882664ca83fffff,41.8791448262368,-87.68074825304946
882664ca85fffff,41.88767679625662,-87.6969312400011
882664ca87fffff,41.88018122277357,-87.69217863221772
882664ca89fffff,41.893100777239084,-87.67881745663847
882664ca8bfffff,41.885603833494066,-87.67406701723512
882664ca8dfffff,41.89413734350913,-87.69025130098125
882664ca91fffff,41.87061111676162,-87.66457059524387
882664ca93fffff,41.863115344550664,-87.65982461139276
882664ca95fffff,41.87164915262277,-87.67599895781557
882664ca97fffff,41.864153869541234,-87.67125114756088
882664ca99fffff,41.87706858374991,-87.65788806491692
882664ca9bfffff,41.86957193155456,-87.65314242366102
882664ca9dfffff,41.878107279872125,-87.66931806364751
882664caa1fffff,41.882250566083506,-87.71503995623256
882664caa3fffff,41.87475636342743,-87.71028518241718
882664caa5fffff,41.88328351271743,-87.72647089926856
882664caa7fffff,41.87578980120311,-87.7217142998973
882664caa9fffff,41.88871155220878,-87.70836363465062
882664caabfffff,41.881216469412394,-87.70360920024716
882664caadfffff,41.8897451577819,-87.71979621693691
882664cab1fffff,41.866227472437195,-87.69410479019831
882664cab3fffff,41.858733559035166,-87.68935481328998
882664cab5fffff,41.8672625502023,-87.70553189485909
882664cab7fffff,41.85976912679654,-87.70078009292692
882664cab9fffff,41.87268603906752,-87.68742751047148
882664cabbfffff,41.865191245526844,-87.68267787413082
882664cabdfffff,41.87372177602571,-87.69885625230694
882664cac1fffff,41.90705909743359,-87.67688548382804
882664cac3fffff,41.89956088405421,-87.67213389975309
882664cac5fffff,41.9080958335439,-87.68832279542097
882664cac7fffff,41.90059811071863,-87.68356938248962
882664cac9fffff,41.91352030320222,-87.67019960429818
882664cacbfffff,41.90602120998877,-87.66544836254006
882664cacdfffff,41.91455770013736,-87.68163855518856
882664cad1fffff,41.89102419302646,-87.65595033896504
882664cad3fffff,41.88352627005485,-87.65120355588328
882664cad5fffff,41.89206306038806,-87.6673838023311
882664cad7fffff,41.88456562682383,-87.66263519092972
882664cad9fffff,41.89748297802839,-87.64926350705616
882664cadbfffff,41.88998417522496,-87.64451706744605
882664caddfffff,41.89852250646728,-87.66069860763987
882664cae1fffff,41.902669110999106,-87.70644091620713
882664cae3fffff,41.895172759128066,-87.70168533445353
882664cae5fffff,41.903702884475486,-87.71787696537523
882664cae7fffff,41.89620702402612,-87.71311955614922
882664cae9fffff,41.90913141824956,-87.69976029641205
882664caebfffff,41.90163418639024,-87.6950050549431
882664caedfffff,41.910165851480684,-87.71119798589444
882664cb01fffff,41.946327256560245,-87.79891507691026
882664cb03fffff,41.938831931272986,-87.79414107636336
882664cb05fffff,41.94735164682879,-87.81036136855893
882664cb07fffff,41.93985681727155,-87.8055855403437
882664cb09fffff,41.9527979181182,-87.79224263189421
882664cb0bfffff,41.94530171269211,-87.78746896610924
882664cb0dfffff,41.95382296629886,-87.80369057111218
882664cb11fffff,41.930310456690556,-87.77792611359553
882664cb13fffff,41.92281540689636,-87.7731569255984
882664cb15fffff,41.931336990827965,-87.78936856883709
882664cb17fffff,41.923842435615796,-87.78459755369738
882664cb19fffff,41.93677869977796,-87.77125269282587
882664cb1bfffff,41.929282769843354,-87.76648384075726
882664cb1dfffff,41.937805892085976,-87.78269679355446
882664cb21fffff,41.941903129434955,-87.82847500818293
882664cb25fffff,41.94292455546636,-87.83992001022372
882664cb29fffff,41.948374883430695,-87.82180784014592
882664cb2bfffff,41.940880550014505,-87.81703018458657
882664cb2dfffff,41.949396966299226,-87.83325449076172
882664cb33fffff,41.91839985595965,-87.80270617858724
882664cb39fffff,41.93236237218798,-87.80081120557355
882664cb3bfffff,41.92486831196886,-87.79603836361433
882664cb43fffff,41.95926880149397,-87.7855682045935
882664cb49fffff,41.97323825612873,-87.78366628323343
882664cb4bfffff,41.965739906235754,-87.77889179430588
882664cb4dfffff,41.97426412532259,-87.79511934842027
882664cb51fffff,41.95074435999369,-87.76934729866787
882664cb53fffff,41.943247164426666,-87.76457729068734
882664cb55fffff,41.95177171599398,-87.78079487410955
882664cb57fffff,41.944275015291716,-87.7760230370652
882664cb59fffff,41.95721392574017,-87.76266957766079
882664cb5bfffff,41.9497158501851,-87.75789990647871
882664cb5dfffff,41.958241940727014,-87.7741187996624
882664cc01fffff,41.78173164161253,-87.6191230630915
882664cc03fffff,41.77424107512584,-87.61439302344412
882664cc05fffff,41.78277437835369,-87.63052973083889
882664cc07fffff,41.77528429701227,-87.62579787021737
882664cc09fffff,41.7881792071496,-87.6124462845766
882664cc0bfffff,41.78068776038818,-87.60771658921739
882664cc0dfffff,41.789222603273856,-87.62385458016443
882664cc11fffff,41.76570605387119,-87.59826162887035
882664cc13fffff,41.75821579488605,-87.59353636262803
882664cc15fffff,41.766750904199235,-87.60966446059489
882664cc17fffff,41.75926112921793,-87.60493737391666
882664cc19fffff,41.77215119920758,-87.59158391335707
882664cc1bfffff,41.76466005995344,-87.58685899254426
882664cc1dfffff,41.77319670916694,-87.60298837085779
882664cc21fffff,41.77736730828108,-87.64860814272917
882664cc23fffff,41.769878592925245,-87.64387411917593
882664cc25fffff,41.77840709752089,-87.6600135666698
882664cc27fffff,41.77091886817602,-87.65527772351057
882664cc29fffff,41.78381597054009,-87.6419365915603
882664cc2bfffff,41.77632637475448,-87.63720291027869
882664cc2dfffff,41.784856418100404,-87.65334364435638
882664cc31fffff,41.76134836805594,-87.6277399800353
882664cc33fffff,41.75385995791375,-87.62301072981936
882664cc35fffff,41.76239027241846,-87.6391415730694
882664cc37fffff,41.7549023471461,-87.63441050378255
882664cc39fffff,41.767794610865444,-87.6210674868196
882664cc3bfffff,41.76030532029855,-87.6163385800184
882664cc3dfffff,41.76883717379796,-87.6324707066461
882664cc41fffff,41.80211971527968,-87.61049836234231
882664cc43fffff,41.79462699317412,-87.60576753398063
882664cc45fffff,41.80316328575071,-87.62191010880483
882664cc47fffff,41.7956710490657,-87.61717745756309
882664cc49fffff,41.80856860146599,-87.60381729380944
882664cc4bfffff,41.80107499923639,-87.59908681061127
882664cc4dfffff,41.80961283213407,-87.6152306691611
882664cc51fffff,41.7860889805067,-87.58963027767747
882664cc53fffff,41.77859656477782,-87.58490422668575
882664cc55fffff,41.78713466620321,-87.60103818344777
882664cc57fffff,41.77964273475254,-87.5963103101158
882664cc59fffff,41.79253544597973,-87.58294827285113
882664cc5bfffff,41.785042150132455,-87.57822256816515
882664cc5dfffff,41.79358179212139,-87.59435780544334
882664cc61fffff,41.7977557250779,-87.63999788626346
882664cc63fffff,41.790264854504166,-87.63526306931166
882664cc65fffff,41.798796345055486,-87.65140838958115
882664cc67fffff,41.79130596076906,-87.64667175111849
882664cc69fffff,41.80420571057761,-87.6333220490984
882664cc6bfffff,41.79671395972418,-87.62858757529074
882664cc6dfffff,41.80524698968888,-87.64473418232248
882664cc81fffff,41.729305996442605,-87.586043776382
882664cc83fffff,41.72181820695857,-87.58132406116268
882664cc85fffff,41.730352121529904,-87.59743770624621
882664cc87fffff,41.72286481463541,-87.59271617303082
882664cc89fffff,41.73574739964186,-87.57936941210572
882664cc8bfffff,41.728258729745704,-87.57465004257936
882664cc8dfffff,41.73679418379481,-87.59076496464131
882664cc91fffff,41.713282585035685,-87.56521572074472
882664cc93fffff,41.705795110989186,-87.5605007671863
882664cc95fffff,41.71433081572661,-87.57660581835812
882664cc97fffff,41.70684382313047,-87.57188904734335
882664cc99fffff,41.71972156807971,-87.55854042744066
882664cc9bfffff,41.712233213628586,-87.55382582071029
882664cc9dfffff,41.72077045808239,-87.56993214566742
882664cca1fffff,41.72495460610123,-87.61550098230295
882664cca3fffff,41.71746866277427,-87.61077728772047
882664cca5fffff,41.72599778974594,-87.62689367791528
882664cca7fffff,41.71851232987383,-87.62216816669755
882664cca9fffff,41.73139710493518,-87.60883183127588
882664ccabfffff,41.72391028104039,-87.60410848037617
882664ccadfffff,41.73244094658629,-87.6202261505748
882664ccb1fffff,41.708937826203275,-87.59466619774614
882664ccb3fffff,41.701452196028654,-87.589947264766
882664ccb5fffff,41.709983116989505,-87.60605506620223
882664ccb7fffff,41.70249796913084,-87.60133431712342
882664ccb9fffff,41.71537790562842,-87.58799611265539
882664ccbbfffff,41.70789139489277,-87.58327752449487
882664ccbdfffff,41.71642385466842,-87.59938660274128
882664ccc1fffff,41.749678971857406,-87.57741357624865
882664ccc3fffff,41.74218902378478,-87.57269307951275
882664ccc5fffff,41.75072593259637,-87.58881257150406
882664ccc7fffff,41.74323646738682,-87.58409025487201
882664ccc9fffff,41.756121696757745,-87.57073492808136
882664cccbfffff,41.748630868422715,-87.56601477791362
882664cccdfffff,41.75716931737514,-87.58213554705036
882664ccd1fffff,41.733650405566905,-87.55657889787028
882664ccd3fffff,41.72616077181431,-87.55186316674295
882664ccd5fffff,41.734699473541596,-87.56797405621658
882664ccd7fffff,41.727210321511926,-87.56325650573437
882664ccd9fffff,41.74009070979864,-87.54989932138633
882664ccdbfffff,41.73260019579099,-87.54518393796313
882664ccddfffff,41.741140437897705,-87.56129610138527
882664cce1fffff,41.74532792744495,-87.60688519369843
882664cce3fffff,41.737839825927836,-87.60216071292686
882664cce5fffff,41.74637194375636,-87.61828295537163
882664cce7fffff,41.73888432596864,-87.6135566560658
882664cce9fffff,41.75177175056693,-87.60021176278259
882664ccebfffff,41.744282768631024,-87.59548762656623
882664ccedfffff,41.75281642569676,-87.61161114918684
882664cd01fffff,41.78900676066437,-87.69897375829679
882664cd03fffff,41.781519598812494,-87.69423097844121
882664cd05fffff,41.79004148403454,-87.71038175797251
882664cd07fffff,41.78255481019949,-87.70563715935059
882664cd09fffff,41.795458934754755,-87.69230838694466
882664cd0bfffff,41.78797089231586,-87.68756594619754
882664cd0dfffff,41.79649431513035,-87.7037180185507
882664cd11fffff,41.77299598676448,-87.67808550399944
882664cd13fffff,41.76550912442417,-87.67334750129318
882664cd15fffff,41.77403282996105,-87.68948967835611
882664cd17fffff,41.76654645449614,-87.68474985741399
882664cd19fffff,41.77944574240307,-87.6714191812015
882664cd1bfffff,41.771957999479326,-87.6666815187513
882664cd1dfffff,41.78048324285703,-87.68282498542506
882664cd21fffff,41.78462179898951,-87.7284500812511
882664cd23fffff,41.77713649431974,-87.7237033270879
882664cd25fffff,41.785653576254006,-87.73985682044307
882664cd27fffff,41.77816876046384,-87.73510824888875
882664cd29fffff,41.79107506235678,-87.72178994432481
882664cd2bfffff,41.78358887694831,-87.71704352725375
882664cd2dfffff,41.792107495561794,-87.7331983164537
882664cd31fffff,41.76861768332331,-87.70755513433417
882664cd33fffff,41.76113267587931,-87.70281315723071
882664cd35fffff,41.76965158193893,-87.71895805333638
882664cd37fffff,41.762167062233424,-87.71421425936914
882664cd39fffff,41.77506852899896,-87.70089404092245
882664cd3bfffff,41.767582640819164,-87.69615240206049
882664cd3dfffff,41.77610308380836,-87.7122985907994
882664cd41fffff,41.80940064755685,-87.69038462651004
882664cd43fffff,41.80191133202216,-87.68564104460067
882664cd45fffff,41.810436197026945,-87.70179771087552
882664cd47fffff,41.802947369787326,-87.69705230829452
882664cd49fffff,41.815854147989995,-87.68371497250318
882664cd4bfffff,41.80836395201776,-87.67897173057109
882664cd4dfffff,41.81689035527804,-87.69512968985512
882664cd51fffff,41.793384738118064,-87.66948968911177
882664cd53fffff,41.785895720963566,-87.66475088832765
882664cd55fffff,41.79442240906065,-87.68089894349829
882664cd57fffff,41.786933879058864,-87.67615832257458
882664cd59fffff,41.79983581958587,-87.6628190843435
882664cd5bfffff,41.792345921997324,-87.65808062468517
882664cd5dfffff,41.80087414859826,-87.67422996965014
882664cd61fffff,41.80501600806217,-87.71987539830961
882664cd63fffff,41.797528550117654,-87.7151278374161
882664cd65fffff,41.80604860843285,-87.73128722282932
882664cd67fffff,41.79856163964722,-87.72653784264058
882664cd69fffff,41.811470600358234,-87.71321098276638
882664cd6bfffff,41.80398226182387,-87.70846375983106
882664cd6dfffff,41.8125038574812,-87.72462444128148
882664cd81fffff,41.736604894216256,-87.66580535253517
882664cd83fffff,41.72912049146798,-87.66107291790568
882664cd85fffff,41.737643026024436,-87.67720062973373
882664cd87fffff,41.730159108734256,-87.6724663792998
882664cd89fffff,41.74305090377334,-87.65914235922064
882664cd8bfffff,41.7355656202975,-87.65441026512337
882664cd8dfffff,41.744089692278344,-87.6705392631746
882664cd91fffff,41.72059624076723,-87.6449505030632
882664cd93fffff,41.71311214548193,-87.64022283384936
882664cd95fffff,41.72163648441831,-87.65634195866046
882664cd97fffff,41.71415287345186,-87.65161247417417
882664cd99fffff,41.72703983190285,-87.63828656631723
882664cd9bfffff,41.719554855895325,-87.63355923877698
882664cd9dfffff,41.72808073250057,-87.64967964661275
882664cda9fffff,41.73868001565165,-87.6885960958223
882664cdadfffff,41.73971586302774,-87.69999174990397
882664cdb1fffff,41.71623090667359,-87.67439232611557
882664cdb3fffff,41.70874866131059,-87.66966068700523
882664cdb7fffff,41.70978645160267,-87.6810490829232
882664cdb9fffff,41.72267558677764,-87.66773360467306
882664cdbbfffff,41.71519246053934,-87.66300230522806
882664cdbdfffff,41.72371354777456,-87.67912544020504
882664cdc1fffff,41.75698369637125,-87.65721062811024
882664cdc3fffff,41.749497136957956,-87.65247739866545
882664cdc5fffff,41.7580226562219,-87.66861097667915
882664cdc7fffff,41.75053658254317,-87.66387592953048
882664cdc9fffff,41.763431033314674,-87.65054335822255
882664cdcbfffff,41.75594359332235,-87.64581047017874
882664cdcdfffff,41.76447065067352,-87.6619453345966
882664cdd1fffff,41.74096989948573,-87.63634912331706
882664cdd3fffff,41.733483646411386,-87.63162066324662
882664cdd5fffff,41.74201097281884,-87.64774564563578
882664cdd7fffff,41.73452520433887,-87.64301536839498
882664cdd9fffff,41.747414817493365,-87.62968091068868
882664cddbfffff,41.73992768384518,-87.62495279316146
882664cdddfffff,41.74845654858434,-87.6410790587524
882664cde1fffff,41.75261204506563,-87.68667356052639
882664cde3fffff,41.7451273382633,-87.68193635660059
882664cde5fffff,41.75364806186225,-87.698072658862
882664cde7fffff,41.746163841657875,-87.69333363860135
882664cde9fffff,41.75906047280363,-87.68001151498757
882664cdebfffff,41.751574885269214,-87.67527465044998
882664cdedfffff,41.76009714604613,-87.69141224213747
882664ce21fffff,41.8225125841712,-87.6018658676275
882664ce23fffff,41.81501770717457,-87.59713425127163
882664ce25fffff,41.82355698972513,-87.61328269681096
882664ce27fffff,41.81606259842428,-87.6085492556664
882664ce2dfffff,41.83000785549011,-87.60659896347278
882664ce35fffff,41.807523224886474,-87.59240411377606
882664ce37fffff,41.80002913769294,-87.58767545451205
882664cea1fffff,41.77005674757695,-87.568775587207
882664cea3fffff,41.76256464163879,-87.5640543096801
882664cea5fffff,41.771104545320036,-87.58017965184062
882664cea7fffff,41.763612922518405,-87.57545655251481
882664ceb1fffff,41.75402302649514,-87.54793428355993
882664ceb3fffff,41.746531233758205,-87.54321777559346
882664ceb5fffff,41.75507293310672,-87.5593345066187
882664ceb7fffff,41.747581622365246,-87.5546161773962
882664cf01fffff,41.8341766502975,-87.65227474371528
882664cf03fffff,41.826683325694646,-87.64753434889514
882664cf05fffff,41.83521598077783,-87.66369417020371
882664cf07fffff,41.82772314388214,-87.6589519514285
882664cf09fffff,41.84063037719314,-87.64559556084488
882664cf0bfffff,41.83313617245734,-87.64085550889571
882664cf0dfffff,41.84167036737087,-87.65701662036184
882664cf11fffff,41.81814894188337,-87.63137984856776
882664cf13fffff,41.81065591681865,-87.62664423893018
882664cf15fffff,41.81919039394925,-87.64279543527176
882664cf17fffff,41.81169785544806,-87.63805800221586
882664cf19fffff,41.82460024854481,-87.62469972068453
882664cf1bfffff,41.817106343351185,-87.61996445506554
882664cf1dfffff,41.82564236055847,-87.63611693834652
882664cf21fffff,41.82979933912786,-87.68178772884147
882664cf23fffff,41.82230787063755,-87.67704334557953
882664cf25fffff,41.83083571604513,-87.69320590191681
882664cf27fffff,41.82334473612813,-87.68845969607536
882664cf29fffff,41.836254163827626,-87.67511378745853
882664cf2bfffff,41.82876181505008,-87.67036974504462
882664cf2dfffff,41.83729119937634,-87.68653359457721
882664cf31fffff,41.81377829425602,-87.66088610573287
882664cf33fffff,41.806287123013256,-87.65614650757645
882664cf35fffff,41.81481679429257,-87.67230044416198
882664cf37fffff,41.80732611047978,-87.66755902395957
882664cf39fffff,41.82023069947755,-87.65421121427609
882664cf3bfffff,41.812738647950894,-87.64947195811712
882664cf3dfffff,41.82126985839721,-87.66562718467921
882664cf41fffff,41.854579801351264,-87.64365559289466
882664cf43fffff,41.8470843241187,-87.63891440212237
882664cf45fffff,41.855619963627184,-87.65508011146308
882664cf47fffff,41.84812497437885,-87.65033709482394
882664cf49fffff,41.86103484783733,-87.6369721138785
882664cf4bfffff,41.85353849062348,-87.63223126685261
882664cf4dfffff,41.86207567062574,-87.64839826653063
882664cf51fffff,41.83854695380878,-87.62275401947971
882664cf53fffff,41.83105177498214,-87.61801761787224
882664cf55fffff,41.839589239315366,-87.63417469358326
882664cf57fffff,41.83209454732844,-87.62943646664728
882664cf59fffff,41.84499957954885,-87.61606959614937
882664cf5bfffff,41.83750352074488,-87.61133353943681
882664cf5dfffff,41.84604252581822,-87.62749190226315
882664cf61fffff,41.85020283049403,-87.67318305514154
882664cf63fffff,41.84270920977758,-87.66843787123139
882664cf65fffff,41.851240036207706,-87.68460632095099
882664cf67fffff,41.843746904342645,-87.6798593125506
882664cf69fffff,41.856658977380214,-87.66650482165424
882664cf6bfffff,41.84916447652756,-87.66175997946475
882664cf6dfffff,41.857696842539696,-87.67792972256446
882664d813fffff,42.01337849154937,-87.67955322700874
882664d817fffff,42.01441476925675,-87.69101689611988
882664d81bfffff,42.019848916083696,-87.67285234670189
882664d833fffff,42.0089783550149,-87.70917635138925
882664d83bfffff,42.01544988978853,-87.70248075528707
882664d881fffff,41.98439113902085,-87.67196674271138
882664d883fffff,41.97688619767626,-87.66720793625178
882664d885fffff,41.98542823340278,-87.68342325691924
882664d887fffff,41.9779237845986,-87.678662615294
882664d889fffff,41.990858709834136,-87.66526888250696
882664d88bfffff,41.983352889117015,-87.660510419842
882664d88dfffff,41.99189646724214,-87.6767270412917
882664d891fffff,41.968342409809324,-87.65099796894859
882664d893fffff,41.960837751999506,-87.6462439794489
882664d895fffff,41.96938164359897,-87.66245062127706
882664d897fffff,41.961877477179414,-87.6576947971517
882664d89dfffff,41.975847455645244,-87.65575344886781
882664d8a1fffff,41.97999549283604,-87.70157254470959
882664d8a3fffff,41.972492416513475,-87.69680972648676
882664d8a5fffff,41.981029614011184,-87.71302779326095
882664d8a7fffff,41.97352703109936,-87.70826314126307
882664d8a9fffff,41.98646417219249,-87.69487996155425
882664d8abfffff,41.97896021634191,-87.69011748508358
882664d8adfffff,41.987498955320014,-87.70633685570498
882664d8b1fffff,41.96395346462168,-87.68059700853767
882664d8b3fffff,41.956450669533126,-87.67583900719148
882664d8b5fffff,41.964989726743056,-87.69204840040082
882664d8b7fffff,41.95748742391535,-87.6872885658164
882664d8b9fffff,41.97041972269318,-87.67390346558321
882664d8bbfffff,41.96291604807702,-87.6691458071513
882664d8bdfffff,41.97145664702143,-87.6853565009566
882664d8c1fffff,42.00483358343957,-87.66332864483797
882664d8c3fffff,41.99732649658418,-87.65856903397871
882664d8c5fffff,42.00587151144134,-87.67479028545377
882664d8c7fffff,41.9983649174059,-87.67002883749875
882664d8cdfffff,42.01234105673649,-87.66808974886669
882664d8e1fffff,42.00043829014408,-87.69294901845691
882664d8e3fffff,41.99293306871492,-87.6881853910948
882664d8e5fffff,42.00147324192018,-87.70440939407065
882664d8e7fffff,41.99396851418227,-87.69964393100452
882664d8e9fffff,42.00690828275126,-87.68625211735934
882664d8ebfffff,41.99940218194931,-87.68148883262887
882664d8edfffff,42.007943897299086,-87.69771413964204
882664d981fffff,41.99162652981849,-87.75216630923369
882664d983fffff,41.984125044928824,-87.74739466335528
882664d985fffff,41.99265553359537,-87.76362413728862
882664d987fffff,41.985154544135604,-87.75885065849573
882664d98bfffff,41.990596370033835,-87.74070866613602
882664d98dfffff,41.99912839900259,-87.75693945023306
882664d991fffff,41.97559279527437,-87.73117053491131
882664d993fffff,41.96809158586813,-87.72640370974894
882664d995fffff,41.97662394472508,-87.74262451196162
882664d997fffff,41.969123229598566,-87.7378558544168
882664d999fffff,41.9820625797978,-87.72448322982652
882664d99bfffff,41.97456049070945,-87.71971674437485
882664d99dfffff,41.98309439012666,-87.73593885349506
882664d9a1fffff,41.987210075490026,-87.78176320097127
882664d9a3fffff,41.97971046170559,-87.77698755308542
882664d9a5fffff,41.98823610750181,-87.79321974648309
882664d9a7fffff,41.9807369900146,-87.78844226708055
882664d9a9fffff,41.99368338129626,-87.7750821493889
882664d9abfffff,41.9861828876787,-87.77030683800491
882664d9adfffff,41.99471007285319,-87.78654034462244
882664d9b1fffff,41.97118305267872,-87.76076070061738
882664d9b3fffff,41.96368371207913,-87.75598987334212
882664d9b5fffff,41.97221123189153,-87.77221340032884
882664d9b7fffff,41.96471238643931,-87.76744074206579
882664d9b9fffff,41.97765393899279,-87.75407867461479
882664d9bbfffff,41.970153718558294,-87.74930818500981
882664d9bdfffff,41.97868277800901,-87.76553302195975
882664d9d1fffff,41.99603593682155,-87.7225615774961
882664d9d3fffff,41.98853258271563,-87.71779393845993
882664d9d5fffff,41.99706791385461,-87.73402068225396
882664d9d7fffff,41.98956505430994,-87.72925120890751
882664d9dbfffff,41.995002803574344,-87.71110266010893
882664d9e1fffff,42.00765866389894,-87.7731755821557
882664d9e3fffff,42.00015690698042,-87.76839911162975
882664d9e5fffff,42.00868551880766,-87.78463726071892
882664d9e7fffff,42.001184258469884,-87.779858956748
882664d9edfffff,42.01516080395881,-87.77795354950337
8827593403fffff,41.998432843945174,-87.90779504097145
8827593407fffff,41.99944615777311,-87.91925353428809
882759340bfffff,42.00491338576846,-87.9011321685761
8827593411fffff,41.989923741298846,-87.8915427717681
8827593413fffff,41.982429489283135,-87.88675032274534
8827593415fffff,41.990938712062785,-87.90299926432164
8827593417fffff,41.983444960087795,-87.89820498746987
8827593419fffff,41.99640274677694,-87.88487857278483
882759341bfffff,41.988907614484575,-87.88008645296708
882759341dfffff,41.99741837359161,-87.89633672016616
8827593423fffff,41.99397668740738,-87.93736977537523
882759342bfffff,42.000458315011144,-87.93071219920337
8827593431fffff,41.9854724345193,-87.92111483551406
8827593433fffff,41.97798006341826,-87.91631840399666
8827593435fffff,41.986484438017456,-87.93257001701011
8827593437fffff,41.97899256781876,-87.92777175907263
8827593439fffff,41.99195252671174,-87.91445592971552
882759343bfffff,41.984459275188016,-87.90965982536336
882759343dfffff,41.992965185181276,-87.92591276703749
882759348dfffff,41.96096598753421,-87.88383114934074
8827593499fffff,41.94394482804241,-87.85136518979972
88275934a9fffff,41.95550523140841,-87.9019381031207
88275934adfffff,41.95651923629893,-87.91338598146595
88275934c1fffff,41.97391849223234,-87.87050670955196
88275934c5fffff,41.974935617937156,-87.88195937246157
88275934cbfffff,41.972900211363694,-87.85905422196208
88275934d1fffff,41.95791161824574,-87.84948412412086
88275934d3fffff,41.95041789536792,-87.84470131949679
88275934d9fffff,41.9643857896717,-87.84281794133672
88275934dbfffff,41.95689118650862,-87.83803546826802
88275934ddfffff,41.96540572370829,-87.85426842473088
88275934e1fffff,41.96947391232513,-87.90007211477499
88275934e3fffff,41.961981801771216,-87.89528050726693
88275934e5fffff,41.970488072271046,-87.9115234718491
88275934e7fffff,41.962996461470276,-87.90673003843561
88275934e9fffff,41.975951588413,-87.89341220977974
88275934ebfffff,41.968458597430995,-87.88862093061526
88275934edfffff,41.97696640359489,-87.90486522059521
88275935cbfffff,41.98000391673234,-87.93922528491164
88275935d1fffff,41.96502231699659,-87.92962961685826
88275935d3fffff,41.95753208693261,-87.9248340315612
88275935d7fffff,41.95854378324535,-87.93628225249626
88275935d9fffff,41.9715010772043,-87.92297500092663
88275935dbfffff,41.96400996656683,-87.91817974193626
88275935ddfffff,41.972512927060734,-87.93442670109654
882759368bfffff,41.9977832099853,-87.82091602000098
8827593691fffff,41.98278658019989,-87.81135224003388
8827593693fffff,41.97528883940566,-87.80657259497842
8827593695fffff,41.983809641941846,-87.82280749716924
8827593697fffff,41.97631239831084,-87.81802602199689
8827593699fffff,41.98926098364656,-87.80467647362862
882759369bfffff,41.98176236286847,-87.79989716303386
882759369dfffff,41.99028470385712,-87.816133381496
88275936b1fffff,41.97835605032038,-87.84093341377013
88275936b5fffff,41.979376143291944,-87.85238737670242
88275936b7fffff,41.971880775396755,-87.84760191060303
88275936b9fffff,41.98483154802758,-87.83426293352827
88275936bdfffff,41.985852298390725,-87.84571854819934
88275936c3fffff,42.01175914145371,-87.81902338766342
88275936cbfffff,42.018236405624684,-87.81234463237439
88275936d3fffff,41.99573560819852,-87.79799872207714
88275936d5fffff,42.00425937333141,-87.81423958530675
88275936d7fffff,41.996759987264916,-87.80945728084075
88275936ddfffff,42.0107357576523,-87.80756116438587
